[
  {
    "name": "Application Start",
    "start": 1553147139930,
    "end": 1553147140947,
    "duration": 1017,
    "pid": 21936,
    "index": 0
  },
  {
    "name": "Load Plugin",
    "start": 1553147139944,
    "end": 1553147139962,
    "duration": 18,
    "pid": 21936,
    "index": 1
  },
  {
    "name": "Load Config",
    "start": 1553147139962,
    "end": 1553147139988,
    "duration": 26,
    "pid": 21936,
    "index": 2
  },
  {
    "name": "Require(0) config/config.default.js",
    "start": 1553147139963,
    "end": 1553147139963,
    "duration": 0,
    "pid": 21936,
    "index": 3
  },
  {
    "name": "Require(1) node_modules/egg-session/config/config.default.js",
    "start": 1553147139965,
    "end": 1553147139965,
    "duration": 0,
    "pid": 21936,
    "index": 4
  },
  {
    "name": "Require(2) node_modules/egg-security/config/config.default.js",
    "start": 1553147139965,
    "end": 1553147139966,
    "duration": 1,
    "pid": 21936,
    "index": 5
  },
  {
    "name": "Require(3) node_modules/egg-jsonp/config/config.default.js",
    "start": 1553147139967,
    "end": 1553147139967,
    "duration": 0,
    "pid": 21936,
    "index": 6
  },
  {
    "name": "Require(4) node_modules/egg-onerror/config/config.default.js",
    "start": 1553147139967,
    "end": 1553147139968,
    "duration": 1,
    "pid": 21936,
    "index": 7
  },
  {
    "name": "Require(5) node_modules/egg-i18n/config/config.default.js",
    "start": 1553147139968,
    "end": 1553147139968,
    "duration": 0,
    "pid": 21936,
    "index": 8
  },
  {
    "name": "Require(6) node_modules/egg-watcher/config/config.default.js",
    "start": 1553147139969,
    "end": 1553147139969,
    "duration": 0,
    "pid": 21936,
    "index": 9
  },
  {
    "name": "Require(7) node_modules/egg-schedule/config/config.default.js",
    "start": 1553147139970,
    "end": 1553147139971,
    "duration": 1,
    "pid": 21936,
    "index": 10
  },
  {
    "name": "Require(8) node_modules/egg-multipart/config/config.default.js",
    "start": 1553147139972,
    "end": 1553147139972,
    "duration": 0,
    "pid": 21936,
    "index": 11
  },
  {
    "name": "Require(9) node_modules/egg-development/config/config.default.js",
    "start": 1553147139973,
    "end": 1553147139973,
    "duration": 0,
    "pid": 21936,
    "index": 12
  },
  {
    "name": "Require(10) node_modules/egg-logrotator/config/config.default.js",
    "start": 1553147139974,
    "end": 1553147139974,
    "duration": 0,
    "pid": 21936,
    "index": 13
  },
  {
    "name": "Require(11) node_modules/egg-static/config/config.default.js",
    "start": 1553147139974,
    "end": 1553147139975,
    "duration": 1,
    "pid": 21936,
    "index": 14
  },
  {
    "name": "Require(12) node_modules/egg-view/config/config.default.js",
    "start": 1553147139975,
    "end": 1553147139976,
    "duration": 1,
    "pid": 21936,
    "index": 15
  },
  {
    "name": "Require(13) node_modules/egg-view-ejs/config/config.default.js",
    "start": 1553147139977,
    "end": 1553147139977,
    "duration": 0,
    "pid": 21936,
    "index": 16
  },
  {
    "name": "Require(14) node_modules/egg-mongoose/config/config.default.js",
    "start": 1553147139978,
    "end": 1553147139978,
    "duration": 0,
    "pid": 21936,
    "index": 17
  },
  {
    "name": "Require(15) node_modules/egg-cors/config/config.default.js",
    "start": 1553147139979,
    "end": 1553147139979,
    "duration": 0,
    "pid": 21936,
    "index": 18
  },
  {
    "name": "Require(16) node_modules/egg/config/config.default.js",
    "start": 1553147139979,
    "end": 1553147139980,
    "duration": 1,
    "pid": 21936,
    "index": 19
  },
  {
    "name": "Require(17) config/config.default.js",
    "start": 1553147139981,
    "end": 1553147139981,
    "duration": 0,
    "pid": 21936,
    "index": 20
  },
  {
    "name": "Require(18) node_modules/egg-security/config/config.local.js",
    "start": 1553147139982,
    "end": 1553147139983,
    "duration": 1,
    "pid": 21936,
    "index": 21
  },
  {
    "name": "Require(19) node_modules/egg-watcher/config/config.local.js",
    "start": 1553147139984,
    "end": 1553147139985,
    "duration": 1,
    "pid": 21936,
    "index": 22
  },
  {
    "name": "Require(20) node_modules/egg-view/config/config.local.js",
    "start": 1553147139986,
    "end": 1553147139986,
    "duration": 0,
    "pid": 21936,
    "index": 23
  },
  {
    "name": "Require(21) node_modules/egg-view-ejs/config/config.local.js",
    "start": 1553147139986,
    "end": 1553147139987,
    "duration": 1,
    "pid": 21936,
    "index": 24
  },
  {
    "name": "Require(22) node_modules/egg/config/config.local.js",
    "start": 1553147139988,
    "end": 1553147139988,
    "duration": 0,
    "pid": 21936,
    "index": 25
  },
  {
    "name": "Load extend/application.js",
    "start": 1553147139989,
    "end": 1553147140004,
    "duration": 15,
    "pid": 21936,
    "index": 26
  },
  {
    "name": "Require(23) node_modules/egg-session/app/extend/application.js",
    "start": 1553147139990,
    "end": 1553147139990,
    "duration": 0,
    "pid": 21936,
    "index": 27
  },
  {
    "name": "Require(24) node_modules/egg-security/app/extend/application.js",
    "start": 1553147139991,
    "end": 1553147139992,
    "duration": 1,
    "pid": 21936,
    "index": 28
  },
  {
    "name": "Require(25) node_modules/egg-jsonp/app/extend/application.js",
    "start": 1553147139992,
    "end": 1553147139994,
    "duration": 2,
    "pid": 21936,
    "index": 29
  },
  {
    "name": "Require(26) node_modules/egg-logrotator/app/extend/application.js",
    "start": 1553147139995,
    "end": 1553147139998,
    "duration": 3,
    "pid": 21936,
    "index": 30
  },
  {
    "name": "Require(27) node_modules/egg-view/app/extend/application.js",
    "start": 1553147139998,
    "end": 1553147140000,
    "duration": 2,
    "pid": 21936,
    "index": 31
  },
  {
    "name": "Load extend/request.js",
    "start": 1553147140004,
    "end": 1553147140011,
    "duration": 7,
    "pid": 21936,
    "index": 32
  },
  {
    "name": "Require(28) node_modules/egg/app/extend/request.js",
    "start": 1553147140006,
    "end": 1553147140008,
    "duration": 2,
    "pid": 21936,
    "index": 33
  },
  {
    "name": "Load extend/response.js",
    "start": 1553147140011,
    "end": 1553147140019,
    "duration": 8,
    "pid": 21936,
    "index": 34
  },
  {
    "name": "Require(29) node_modules/egg/app/extend/response.js",
    "start": 1553147140015,
    "end": 1553147140016,
    "duration": 1,
    "pid": 21936,
    "index": 35
  },
  {
    "name": "Load extend/context.js",
    "start": 1553147140019,
    "end": 1553147140086,
    "duration": 67,
    "pid": 21936,
    "index": 36
  },
  {
    "name": "Require(30) node_modules/egg-security/app/extend/context.js",
    "start": 1553147140020,
    "end": 1553147140035,
    "duration": 15,
    "pid": 21936,
    "index": 37
  },
  {
    "name": "Require(31) node_modules/egg-jsonp/app/extend/context.js",
    "start": 1553147140036,
    "end": 1553147140037,
    "duration": 1,
    "pid": 21936,
    "index": 38
  },
  {
    "name": "Require(32) node_modules/egg-i18n/app/extend/context.js",
    "start": 1553147140037,
    "end": 1553147140038,
    "duration": 1,
    "pid": 21936,
    "index": 39
  },
  {
    "name": "Require(33) node_modules/egg-multipart/app/extend/context.js",
    "start": 1553147140038,
    "end": 1553147140078,
    "duration": 40,
    "pid": 21936,
    "index": 40
  },
  {
    "name": "Require(34) node_modules/egg-view/app/extend/context.js",
    "start": 1553147140079,
    "end": 1553147140080,
    "duration": 1,
    "pid": 21936,
    "index": 41
  },
  {
    "name": "Require(35) node_modules/egg-mongoose/app/extend/context.js",
    "start": 1553147140081,
    "end": 1553147140081,
    "duration": 0,
    "pid": 21936,
    "index": 42
  },
  {
    "name": "Require(36) node_modules/egg/app/extend/context.js",
    "start": 1553147140082,
    "end": 1553147140084,
    "duration": 2,
    "pid": 21936,
    "index": 43
  },
  {
    "name": "Load extend/helper.js",
    "start": 1553147140086,
    "end": 1553147140111,
    "duration": 25,
    "pid": 21936,
    "index": 44
  },
  {
    "name": "Require(37) node_modules/egg-security/app/extend/helper.js",
    "start": 1553147140087,
    "end": 1553147140105,
    "duration": 18,
    "pid": 21936,
    "index": 45
  },
  {
    "name": "Require(38) node_modules/egg/app/extend/helper.js",
    "start": 1553147140107,
    "end": 1553147140108,
    "duration": 1,
    "pid": 21936,
    "index": 46
  },
  {
    "name": "Load app.js",
    "start": 1553147140111,
    "end": 1553147140160,
    "duration": 49,
    "pid": 21936,
    "index": 47
  },
  {
    "name": "Require(39) node_modules/egg-session/app.js",
    "start": 1553147140111,
    "end": 1553147140112,
    "duration": 1,
    "pid": 21936,
    "index": 48
  },
  {
    "name": "Require(40) node_modules/egg-security/app.js",
    "start": 1553147140112,
    "end": 1553147140114,
    "duration": 2,
    "pid": 21936,
    "index": 49
  },
  {
    "name": "Require(41) node_modules/egg-onerror/app.js",
    "start": 1553147140115,
    "end": 1553147140127,
    "duration": 12,
    "pid": 21936,
    "index": 50
  },
  {
    "name": "Require(42) node_modules/egg-i18n/app.js",
    "start": 1553147140127,
    "end": 1553147140145,
    "duration": 18,
    "pid": 21936,
    "index": 51
  },
  {
    "name": "Require(43) node_modules/egg-watcher/app.js",
    "start": 1553147140146,
    "end": 1553147140149,
    "duration": 3,
    "pid": 21936,
    "index": 52
  },
  {
    "name": "Require(44) node_modules/egg-schedule/app.js",
    "start": 1553147140150,
    "end": 1553147140151,
    "duration": 1,
    "pid": 21936,
    "index": 53
  },
  {
    "name": "Require(45) node_modules/egg-multipart/app.js",
    "start": 1553147140152,
    "end": 1553147140155,
    "duration": 3,
    "pid": 21936,
    "index": 54
  },
  {
    "name": "Require(46) node_modules/egg-development/app.js",
    "start": 1553147140155,
    "end": 1553147140156,
    "duration": 1,
    "pid": 21936,
    "index": 55
  },
  {
    "name": "Require(47) node_modules/egg-logrotator/app.js",
    "start": 1553147140156,
    "end": 1553147140156,
    "duration": 0,
    "pid": 21936,
    "index": 56
  },
  {
    "name": "Require(48) node_modules/egg-static/app.js",
    "start": 1553147140157,
    "end": 1553147140157,
    "duration": 0,
    "pid": 21936,
    "index": 57
  },
  {
    "name": "Require(49) node_modules/egg-view-ejs/app.js",
    "start": 1553147140158,
    "end": 1553147140158,
    "duration": 0,
    "pid": 21936,
    "index": 58
  },
  {
    "name": "Require(50) node_modules/egg-mongoose/app.js",
    "start": 1553147140158,
    "end": 1553147140159,
    "duration": 1,
    "pid": 21936,
    "index": 59
  },
  {
    "name": "Require(51) node_modules/egg-cors/app.js",
    "start": 1553147140159,
    "end": 1553147140159,
    "duration": 0,
    "pid": 21936,
    "index": 60
  },
  {
    "name": "Before Start in node_modules/egg-watcher/lib/init.js:15:14",
    "start": 1553147140175,
    "end": 1553147140914,
    "duration": 739,
    "pid": 21936,
    "index": 61
  },
  {
    "name": "Before Start in node_modules/egg-mongoose/lib/mongoose.js:83:7",
    "start": 1553147140687,
    "end": 1553147140946,
    "duration": 259,
    "pid": 21936,
    "index": 62
  },
  {
    "name": "Before Start in node_modules/egg-mongoose/lib/mongoose.js:42:9",
    "start": 1553147140687,
    "end": 1553147140899,
    "duration": 212,
    "pid": 21936,
    "index": 63
  },
  {
    "name": "Load Service",
    "start": 1553147140687,
    "end": 1553147140694,
    "duration": 7,
    "pid": 21936,
    "index": 64
  },
  {
    "name": "Load \"service\" to Context",
    "start": 1553147140688,
    "end": 1553147140694,
    "duration": 6,
    "pid": 21936,
    "index": 65
  },
  {
    "name": "Load Middleware",
    "start": 1553147140694,
    "end": 1553147140829,
    "duration": 135,
    "pid": 21936,
    "index": 66
  },
  {
    "name": "Load \"middlewares\" to Application",
    "start": 1553147140694,
    "end": 1553147140819,
    "duration": 125,
    "pid": 21936,
    "index": 67
  },
  {
    "name": "Load Controller",
    "start": 1553147140829,
    "end": 1553147140831,
    "duration": 2,
    "pid": 21936,
    "index": 68
  },
  {
    "name": "Load \"controller\" to Application",
    "start": 1553147140829,
    "end": 1553147140831,
    "duration": 2,
    "pid": 21936,
    "index": 69
  },
  {
    "name": "Load Router",
    "start": 1553147140831,
    "end": 1553147140834,
    "duration": 3,
    "pid": 21936,
    "index": 70
  },
  {
    "name": "Require(52) app/router.js",
    "start": 1553147140832,
    "end": 1553147140832,
    "duration": 0,
    "pid": 21936,
    "index": 71
  },
  {
    "name": "Before Start in node_modules/egg-core/lib/egg.js:287:10",
    "start": 1553147140833,
    "end": 1553147140899,
    "duration": 66,
    "pid": 21936,
    "index": 72
  },
  {
    "name": "Load \"model\" to Application",
    "start": 1553147140856,
    "end": 1553147140894,
    "duration": 38,
    "pid": 21936,
    "index": 73
  }
]