[
  {
    "name": "Application Start",
    "start": 1542117220415,
    "end": 1542117223066,
    "duration": 2651,
    "pid": 808,
    "index": 0
  },
  {
    "name": "Load Plugin",
    "start": 1542117220432,
    "end": 1542117220498,
    "duration": 66,
    "pid": 808,
    "index": 1
  },
  {
    "name": "Load Config",
    "start": 1542117220498,
    "end": 1542117220555,
    "duration": 57,
    "pid": 808,
    "index": 2
  },
  {
    "name": "Require(0) config/config.default.js",
    "start": 1542117220500,
    "end": 1542117220500,
    "duration": 0,
    "pid": 808,
    "index": 3
  },
  {
    "name": "Require(1) node_modules/egg-session/config/config.default.js",
    "start": 1542117220503,
    "end": 1542117220504,
    "duration": 1,
    "pid": 808,
    "index": 4
  },
  {
    "name": "Require(2) node_modules/egg-security/config/config.default.js",
    "start": 1542117220507,
    "end": 1542117220508,
    "duration": 1,
    "pid": 808,
    "index": 5
  },
  {
    "name": "Require(3) node_modules/egg-jsonp/config/config.default.js",
    "start": 1542117220510,
    "end": 1542117220511,
    "duration": 1,
    "pid": 808,
    "index": 6
  },
  {
    "name": "Require(4) node_modules/egg-onerror/config/config.default.js",
    "start": 1542117220513,
    "end": 1542117220513,
    "duration": 0,
    "pid": 808,
    "index": 7
  },
  {
    "name": "Require(5) node_modules/egg-i18n/config/config.default.js",
    "start": 1542117220514,
    "end": 1542117220515,
    "duration": 1,
    "pid": 808,
    "index": 8
  },
  {
    "name": "Require(6) node_modules/egg-watcher/config/config.default.js",
    "start": 1542117220516,
    "end": 1542117220517,
    "duration": 1,
    "pid": 808,
    "index": 9
  },
  {
    "name": "Require(7) node_modules/egg-schedule/config/config.default.js",
    "start": 1542117220518,
    "end": 1542117220518,
    "duration": 0,
    "pid": 808,
    "index": 10
  },
  {
    "name": "Require(8) node_modules/egg-multipart/config/config.default.js",
    "start": 1542117220520,
    "end": 1542117220521,
    "duration": 1,
    "pid": 808,
    "index": 11
  },
  {
    "name": "Require(9) node_modules/egg-development/config/config.default.js",
    "start": 1542117220524,
    "end": 1542117220526,
    "duration": 2,
    "pid": 808,
    "index": 12
  },
  {
    "name": "Require(10) node_modules/egg-logrotator/config/config.default.js",
    "start": 1542117220527,
    "end": 1542117220528,
    "duration": 1,
    "pid": 808,
    "index": 13
  },
  {
    "name": "Require(11) node_modules/egg-static/config/config.default.js",
    "start": 1542117220530,
    "end": 1542117220530,
    "duration": 0,
    "pid": 808,
    "index": 14
  },
  {
    "name": "Require(12) node_modules/egg-view/config/config.default.js",
    "start": 1542117220532,
    "end": 1542117220533,
    "duration": 1,
    "pid": 808,
    "index": 15
  },
  {
    "name": "Require(13) node_modules/egg-view-ejs/config/config.default.js",
    "start": 1542117220534,
    "end": 1542117220535,
    "duration": 1,
    "pid": 808,
    "index": 16
  },
  {
    "name": "Require(14) node_modules/egg-mongoose/config/config.default.js",
    "start": 1542117220536,
    "end": 1542117220537,
    "duration": 1,
    "pid": 808,
    "index": 17
  },
  {
    "name": "Require(15) node_modules/egg/config/config.default.js",
    "start": 1542117220539,
    "end": 1542117220541,
    "duration": 2,
    "pid": 808,
    "index": 18
  },
  {
    "name": "Require(16) config/config.default.js",
    "start": 1542117220543,
    "end": 1542117220543,
    "duration": 0,
    "pid": 808,
    "index": 19
  },
  {
    "name": "Require(17) node_modules/egg-security/config/config.local.js",
    "start": 1542117220544,
    "end": 1542117220545,
    "duration": 1,
    "pid": 808,
    "index": 20
  },
  {
    "name": "Require(18) node_modules/egg-watcher/config/config.local.js",
    "start": 1542117220547,
    "end": 1542117220547,
    "duration": 0,
    "pid": 808,
    "index": 21
  },
  {
    "name": "Require(19) node_modules/egg-view/config/config.local.js",
    "start": 1542117220550,
    "end": 1542117220550,
    "duration": 0,
    "pid": 808,
    "index": 22
  },
  {
    "name": "Require(20) node_modules/egg-view-ejs/config/config.local.js",
    "start": 1542117220551,
    "end": 1542117220552,
    "duration": 1,
    "pid": 808,
    "index": 23
  },
  {
    "name": "Require(21) node_modules/egg/config/config.local.js",
    "start": 1542117220554,
    "end": 1542117220554,
    "duration": 0,
    "pid": 808,
    "index": 24
  },
  {
    "name": "Load extend/application.js",
    "start": 1542117220558,
    "end": 1542117220592,
    "duration": 34,
    "pid": 808,
    "index": 25
  },
  {
    "name": "Require(22) node_modules/egg-session/app/extend/application.js",
    "start": 1542117220560,
    "end": 1542117220561,
    "duration": 1,
    "pid": 808,
    "index": 26
  },
  {
    "name": "Require(23) node_modules/egg-security/app/extend/application.js",
    "start": 1542117220562,
    "end": 1542117220567,
    "duration": 5,
    "pid": 808,
    "index": 27
  },
  {
    "name": "Require(24) node_modules/egg-jsonp/app/extend/application.js",
    "start": 1542117220568,
    "end": 1542117220571,
    "duration": 3,
    "pid": 808,
    "index": 28
  },
  {
    "name": "Require(25) node_modules/egg-logrotator/app/extend/application.js",
    "start": 1542117220578,
    "end": 1542117220580,
    "duration": 2,
    "pid": 808,
    "index": 29
  },
  {
    "name": "Require(26) node_modules/egg-view/app/extend/application.js",
    "start": 1542117220582,
    "end": 1542117220584,
    "duration": 2,
    "pid": 808,
    "index": 30
  },
  {
    "name": "Load extend/request.js",
    "start": 1542117220592,
    "end": 1542117220607,
    "duration": 15,
    "pid": 808,
    "index": 31
  },
  {
    "name": "Require(27) node_modules/egg/app/extend/request.js",
    "start": 1542117220597,
    "end": 1542117220598,
    "duration": 1,
    "pid": 808,
    "index": 32
  },
  {
    "name": "Load extend/response.js",
    "start": 1542117220607,
    "end": 1542117220624,
    "duration": 17,
    "pid": 808,
    "index": 33
  },
  {
    "name": "Require(28) node_modules/egg/app/extend/response.js",
    "start": 1542117220615,
    "end": 1542117220617,
    "duration": 2,
    "pid": 808,
    "index": 34
  },
  {
    "name": "Load extend/context.js",
    "start": 1542117220624,
    "end": 1542117220793,
    "duration": 169,
    "pid": 808,
    "index": 35
  },
  {
    "name": "Require(29) node_modules/egg-security/app/extend/context.js",
    "start": 1542117220626,
    "end": 1542117220667,
    "duration": 41,
    "pid": 808,
    "index": 36
  },
  {
    "name": "Require(30) node_modules/egg-jsonp/app/extend/context.js",
    "start": 1542117220668,
    "end": 1542117220671,
    "duration": 3,
    "pid": 808,
    "index": 37
  },
  {
    "name": "Require(31) node_modules/egg-i18n/app/extend/context.js",
    "start": 1542117220674,
    "end": 1542117220676,
    "duration": 2,
    "pid": 808,
    "index": 38
  },
  {
    "name": "Require(32) node_modules/egg-multipart/app/extend/context.js",
    "start": 1542117220679,
    "end": 1542117220769,
    "duration": 90,
    "pid": 808,
    "index": 39
  },
  {
    "name": "Require(33) node_modules/egg-view/app/extend/context.js",
    "start": 1542117220771,
    "end": 1542117220775,
    "duration": 4,
    "pid": 808,
    "index": 40
  },
  {
    "name": "Require(34) node_modules/egg-mongoose/app/extend/context.js",
    "start": 1542117220777,
    "end": 1542117220778,
    "duration": 1,
    "pid": 808,
    "index": 41
  },
  {
    "name": "Require(35) node_modules/egg/app/extend/context.js",
    "start": 1542117220778,
    "end": 1542117220780,
    "duration": 2,
    "pid": 808,
    "index": 42
  },
  {
    "name": "Load extend/helper.js",
    "start": 1542117220793,
    "end": 1542117220862,
    "duration": 69,
    "pid": 808,
    "index": 43
  },
  {
    "name": "Require(36) node_modules/egg-security/app/extend/helper.js",
    "start": 1542117220795,
    "end": 1542117220838,
    "duration": 43,
    "pid": 808,
    "index": 44
  },
  {
    "name": "Require(37) node_modules/egg/app/extend/helper.js",
    "start": 1542117220847,
    "end": 1542117220848,
    "duration": 1,
    "pid": 808,
    "index": 45
  },
  {
    "name": "Load app.js",
    "start": 1542117220862,
    "end": 1542117220964,
    "duration": 102,
    "pid": 808,
    "index": 46
  },
  {
    "name": "Require(38) node_modules/egg-session/app.js",
    "start": 1542117220863,
    "end": 1542117220864,
    "duration": 1,
    "pid": 808,
    "index": 47
  },
  {
    "name": "Require(39) node_modules/egg-security/app.js",
    "start": 1542117220865,
    "end": 1542117220868,
    "duration": 3,
    "pid": 808,
    "index": 48
  },
  {
    "name": "Require(40) node_modules/egg-onerror/app.js",
    "start": 1542117220871,
    "end": 1542117220893,
    "duration": 22,
    "pid": 808,
    "index": 49
  },
  {
    "name": "Require(41) node_modules/egg-i18n/app.js",
    "start": 1542117220894,
    "end": 1542117220930,
    "duration": 36,
    "pid": 808,
    "index": 50
  },
  {
    "name": "Require(42) node_modules/egg-watcher/app.js",
    "start": 1542117220931,
    "end": 1542117220941,
    "duration": 10,
    "pid": 808,
    "index": 51
  },
  {
    "name": "Require(43) node_modules/egg-schedule/app.js",
    "start": 1542117220942,
    "end": 1542117220945,
    "duration": 3,
    "pid": 808,
    "index": 52
  },
  {
    "name": "Require(44) node_modules/egg-multipart/app.js",
    "start": 1542117220946,
    "end": 1542117220952,
    "duration": 6,
    "pid": 808,
    "index": 53
  },
  {
    "name": "Require(45) node_modules/egg-development/app.js",
    "start": 1542117220954,
    "end": 1542117220954,
    "duration": 0,
    "pid": 808,
    "index": 54
  },
  {
    "name": "Require(46) node_modules/egg-logrotator/app.js",
    "start": 1542117220956,
    "end": 1542117220957,
    "duration": 1,
    "pid": 808,
    "index": 55
  },
  {
    "name": "Require(47) node_modules/egg-static/app.js",
    "start": 1542117220958,
    "end": 1542117220959,
    "duration": 1,
    "pid": 808,
    "index": 56
  },
  {
    "name": "Require(48) node_modules/egg-view-ejs/app.js",
    "start": 1542117220961,
    "end": 1542117220961,
    "duration": 0,
    "pid": 808,
    "index": 57
  },
  {
    "name": "Require(49) node_modules/egg-mongoose/app.js",
    "start": 1542117220962,
    "end": 1542117220963,
    "duration": 1,
    "pid": 808,
    "index": 58
  },
  {
    "name": "Before Start in node_modules/egg-watcher/lib/init.js:15:14",
    "start": 1542117220992,
    "end": 1542117223035,
    "duration": 2043,
    "pid": 808,
    "index": 59
  },
  {
    "name": "Before Start in node_modules/egg-mongoose/lib/mongoose.js:83:7",
    "start": 1542117222466,
    "end": 1542117223065,
    "duration": 599,
    "pid": 808,
    "index": 60
  },
  {
    "name": "Before Start in node_modules/egg-mongoose/lib/mongoose.js:42:9",
    "start": 1542117222467,
    "end": 1542117222993,
    "duration": 526,
    "pid": 808,
    "index": 61
  },
  {
    "name": "Load Service",
    "start": 1542117222467,
    "end": 1542117222483,
    "duration": 16,
    "pid": 808,
    "index": 62
  },
  {
    "name": "Load \"service\" to Context",
    "start": 1542117222467,
    "end": 1542117222483,
    "duration": 16,
    "pid": 808,
    "index": 63
  },
  {
    "name": "Load Middleware",
    "start": 1542117222483,
    "end": 1542117222929,
    "duration": 446,
    "pid": 808,
    "index": 64
  },
  {
    "name": "Load \"middlewares\" to Application",
    "start": 1542117222483,
    "end": 1542117222903,
    "duration": 420,
    "pid": 808,
    "index": 65
  },
  {
    "name": "Load Controller",
    "start": 1542117222929,
    "end": 1542117222932,
    "duration": 3,
    "pid": 808,
    "index": 66
  },
  {
    "name": "Load \"controller\" to Application",
    "start": 1542117222929,
    "end": 1542117222932,
    "duration": 3,
    "pid": 808,
    "index": 67
  },
  {
    "name": "Load Router",
    "start": 1542117222932,
    "end": 1542117222937,
    "duration": 5,
    "pid": 808,
    "index": 68
  },
  {
    "name": "Require(50) app/router.js",
    "start": 1542117222933,
    "end": 1542117222933,
    "duration": 0,
    "pid": 808,
    "index": 69
  },
  {
    "name": "Before Start in node_modules/egg-core/lib/egg.js:287:10",
    "start": 1542117222934,
    "end": 1542117222993,
    "duration": 59,
    "pid": 808,
    "index": 70
  },
  {
    "name": "Load \"model\" to Application",
    "start": 1542117222968,
    "end": 1542117222989,
    "duration": 21,
    "pid": 808,
    "index": 71
  }
]