[
  {
    "name": "Application Start",
    "start": 1553147094061,
    "end": 1553147095224,
    "duration": 1163,
    "pid": 19652,
    "index": 0
  },
  {
    "name": "Load Plugin",
    "start": 1553147094075,
    "end": 1553147094120,
    "duration": 45,
    "pid": 19652,
    "index": 1
  },
  {
    "name": "Load Config",
    "start": 1553147094122,
    "end": 1553147094165,
    "duration": 43,
    "pid": 19652,
    "index": 2
  },
  {
    "name": "Require(0) config/config.default.js",
    "start": 1553147094123,
    "end": 1553147094124,
    "duration": 1,
    "pid": 19652,
    "index": 3
  },
  {
    "name": "Require(1) node_modules/egg-session/config/config.default.js",
    "start": 1553147094126,
    "end": 1553147094126,
    "duration": 0,
    "pid": 19652,
    "index": 4
  },
  {
    "name": "Require(2) node_modules/egg-security/config/config.default.js",
    "start": 1553147094126,
    "end": 1553147094127,
    "duration": 1,
    "pid": 19652,
    "index": 5
  },
  {
    "name": "Require(3) node_modules/egg-jsonp/config/config.default.js",
    "start": 1553147094128,
    "end": 1553147094128,
    "duration": 0,
    "pid": 19652,
    "index": 6
  },
  {
    "name": "Require(4) node_modules/egg-onerror/config/config.default.js",
    "start": 1553147094129,
    "end": 1553147094129,
    "duration": 0,
    "pid": 19652,
    "index": 7
  },
  {
    "name": "Require(5) node_modules/egg-i18n/config/config.default.js",
    "start": 1553147094130,
    "end": 1553147094130,
    "duration": 0,
    "pid": 19652,
    "index": 8
  },
  {
    "name": "Require(6) node_modules/egg-watcher/config/config.default.js",
    "start": 1553147094130,
    "end": 1553147094131,
    "duration": 1,
    "pid": 19652,
    "index": 9
  },
  {
    "name": "Require(7) node_modules/egg-schedule/config/config.default.js",
    "start": 1553147094131,
    "end": 1553147094133,
    "duration": 2,
    "pid": 19652,
    "index": 10
  },
  {
    "name": "Require(8) node_modules/egg-multipart/config/config.default.js",
    "start": 1553147094134,
    "end": 1553147094137,
    "duration": 3,
    "pid": 19652,
    "index": 11
  },
  {
    "name": "Require(9) node_modules/egg-development/config/config.default.js",
    "start": 1553147094141,
    "end": 1553147094143,
    "duration": 2,
    "pid": 19652,
    "index": 12
  },
  {
    "name": "Require(10) node_modules/egg-logrotator/config/config.default.js",
    "start": 1553147094143,
    "end": 1553147094144,
    "duration": 1,
    "pid": 19652,
    "index": 13
  },
  {
    "name": "Require(11) node_modules/egg-static/config/config.default.js",
    "start": 1553147094145,
    "end": 1553147094146,
    "duration": 1,
    "pid": 19652,
    "index": 14
  },
  {
    "name": "Require(12) node_modules/egg-view/config/config.default.js",
    "start": 1553147094147,
    "end": 1553147094147,
    "duration": 0,
    "pid": 19652,
    "index": 15
  },
  {
    "name": "Require(13) node_modules/egg-view-ejs/config/config.default.js",
    "start": 1553147094148,
    "end": 1553147094148,
    "duration": 0,
    "pid": 19652,
    "index": 16
  },
  {
    "name": "Require(14) node_modules/egg-mongoose/config/config.default.js",
    "start": 1553147094149,
    "end": 1553147094150,
    "duration": 1,
    "pid": 19652,
    "index": 17
  },
  {
    "name": "Require(15) node_modules/egg-cors/config/config.default.js",
    "start": 1553147094151,
    "end": 1553147094152,
    "duration": 1,
    "pid": 19652,
    "index": 18
  },
  {
    "name": "Require(16) node_modules/egg/config/config.default.js",
    "start": 1553147094152,
    "end": 1553147094153,
    "duration": 1,
    "pid": 19652,
    "index": 19
  },
  {
    "name": "Require(17) config/config.default.js",
    "start": 1553147094154,
    "end": 1553147094154,
    "duration": 0,
    "pid": 19652,
    "index": 20
  },
  {
    "name": "Require(18) node_modules/egg-security/config/config.local.js",
    "start": 1553147094155,
    "end": 1553147094156,
    "duration": 1,
    "pid": 19652,
    "index": 21
  },
  {
    "name": "Require(19) node_modules/egg-watcher/config/config.local.js",
    "start": 1553147094158,
    "end": 1553147094158,
    "duration": 0,
    "pid": 19652,
    "index": 22
  },
  {
    "name": "Require(20) node_modules/egg-view/config/config.local.js",
    "start": 1553147094161,
    "end": 1553147094162,
    "duration": 1,
    "pid": 19652,
    "index": 23
  },
  {
    "name": "Require(21) node_modules/egg-view-ejs/config/config.local.js",
    "start": 1553147094162,
    "end": 1553147094162,
    "duration": 0,
    "pid": 19652,
    "index": 24
  },
  {
    "name": "Require(22) node_modules/egg/config/config.local.js",
    "start": 1553147094164,
    "end": 1553147094164,
    "duration": 0,
    "pid": 19652,
    "index": 25
  },
  {
    "name": "Load extend/application.js",
    "start": 1553147094166,
    "end": 1553147094184,
    "duration": 18,
    "pid": 19652,
    "index": 26
  },
  {
    "name": "Require(23) node_modules/egg-session/app/extend/application.js",
    "start": 1553147094169,
    "end": 1553147094172,
    "duration": 3,
    "pid": 19652,
    "index": 27
  },
  {
    "name": "Require(24) node_modules/egg-security/app/extend/application.js",
    "start": 1553147094172,
    "end": 1553147094174,
    "duration": 2,
    "pid": 19652,
    "index": 28
  },
  {
    "name": "Require(25) node_modules/egg-jsonp/app/extend/application.js",
    "start": 1553147094174,
    "end": 1553147094175,
    "duration": 1,
    "pid": 19652,
    "index": 29
  },
  {
    "name": "Require(26) node_modules/egg-logrotator/app/extend/application.js",
    "start": 1553147094177,
    "end": 1553147094178,
    "duration": 1,
    "pid": 19652,
    "index": 30
  },
  {
    "name": "Require(27) node_modules/egg-view/app/extend/application.js",
    "start": 1553147094179,
    "end": 1553147094181,
    "duration": 2,
    "pid": 19652,
    "index": 31
  },
  {
    "name": "Load extend/request.js",
    "start": 1553147094184,
    "end": 1553147094200,
    "duration": 16,
    "pid": 19652,
    "index": 32
  },
  {
    "name": "Require(28) node_modules/egg/app/extend/request.js",
    "start": 1553147094193,
    "end": 1553147094194,
    "duration": 1,
    "pid": 19652,
    "index": 33
  },
  {
    "name": "Load extend/response.js",
    "start": 1553147094200,
    "end": 1553147094211,
    "duration": 11,
    "pid": 19652,
    "index": 34
  },
  {
    "name": "Require(29) node_modules/egg/app/extend/response.js",
    "start": 1553147094203,
    "end": 1553147094205,
    "duration": 2,
    "pid": 19652,
    "index": 35
  },
  {
    "name": "Load extend/context.js",
    "start": 1553147094211,
    "end": 1553147094310,
    "duration": 99,
    "pid": 19652,
    "index": 36
  },
  {
    "name": "Require(30) node_modules/egg-security/app/extend/context.js",
    "start": 1553147094212,
    "end": 1553147094230,
    "duration": 18,
    "pid": 19652,
    "index": 37
  },
  {
    "name": "Require(31) node_modules/egg-jsonp/app/extend/context.js",
    "start": 1553147094231,
    "end": 1553147094232,
    "duration": 1,
    "pid": 19652,
    "index": 38
  },
  {
    "name": "Require(32) node_modules/egg-i18n/app/extend/context.js",
    "start": 1553147094233,
    "end": 1553147094233,
    "duration": 0,
    "pid": 19652,
    "index": 39
  },
  {
    "name": "Require(33) node_modules/egg-multipart/app/extend/context.js",
    "start": 1553147094234,
    "end": 1553147094298,
    "duration": 64,
    "pid": 19652,
    "index": 40
  },
  {
    "name": "Require(34) node_modules/egg-view/app/extend/context.js",
    "start": 1553147094299,
    "end": 1553147094301,
    "duration": 2,
    "pid": 19652,
    "index": 41
  },
  {
    "name": "Require(35) node_modules/egg-mongoose/app/extend/context.js",
    "start": 1553147094304,
    "end": 1553147094304,
    "duration": 0,
    "pid": 19652,
    "index": 42
  },
  {
    "name": "Require(36) node_modules/egg/app/extend/context.js",
    "start": 1553147094305,
    "end": 1553147094307,
    "duration": 2,
    "pid": 19652,
    "index": 43
  },
  {
    "name": "Load extend/helper.js",
    "start": 1553147094310,
    "end": 1553147094346,
    "duration": 36,
    "pid": 19652,
    "index": 44
  },
  {
    "name": "Require(37) node_modules/egg-security/app/extend/helper.js",
    "start": 1553147094310,
    "end": 1553147094333,
    "duration": 23,
    "pid": 19652,
    "index": 45
  },
  {
    "name": "Require(38) node_modules/egg/app/extend/helper.js",
    "start": 1553147094342,
    "end": 1553147094343,
    "duration": 1,
    "pid": 19652,
    "index": 46
  },
  {
    "name": "Load app.js",
    "start": 1553147094346,
    "end": 1553147094399,
    "duration": 53,
    "pid": 19652,
    "index": 47
  },
  {
    "name": "Require(39) node_modules/egg-session/app.js",
    "start": 1553147094347,
    "end": 1553147094347,
    "duration": 0,
    "pid": 19652,
    "index": 48
  },
  {
    "name": "Require(40) node_modules/egg-security/app.js",
    "start": 1553147094348,
    "end": 1553147094350,
    "duration": 2,
    "pid": 19652,
    "index": 49
  },
  {
    "name": "Require(41) node_modules/egg-onerror/app.js",
    "start": 1553147094351,
    "end": 1553147094364,
    "duration": 13,
    "pid": 19652,
    "index": 50
  },
  {
    "name": "Require(42) node_modules/egg-i18n/app.js",
    "start": 1553147094364,
    "end": 1553147094386,
    "duration": 22,
    "pid": 19652,
    "index": 51
  },
  {
    "name": "Require(43) node_modules/egg-watcher/app.js",
    "start": 1553147094387,
    "end": 1553147094390,
    "duration": 3,
    "pid": 19652,
    "index": 52
  },
  {
    "name": "Require(44) node_modules/egg-schedule/app.js",
    "start": 1553147094390,
    "end": 1553147094392,
    "duration": 2,
    "pid": 19652,
    "index": 53
  },
  {
    "name": "Require(45) node_modules/egg-multipart/app.js",
    "start": 1553147094392,
    "end": 1553147094394,
    "duration": 2,
    "pid": 19652,
    "index": 54
  },
  {
    "name": "Require(46) node_modules/egg-development/app.js",
    "start": 1553147094395,
    "end": 1553147094395,
    "duration": 0,
    "pid": 19652,
    "index": 55
  },
  {
    "name": "Require(47) node_modules/egg-logrotator/app.js",
    "start": 1553147094395,
    "end": 1553147094395,
    "duration": 0,
    "pid": 19652,
    "index": 56
  },
  {
    "name": "Require(48) node_modules/egg-static/app.js",
    "start": 1553147094396,
    "end": 1553147094396,
    "duration": 0,
    "pid": 19652,
    "index": 57
  },
  {
    "name": "Require(49) node_modules/egg-view-ejs/app.js",
    "start": 1553147094397,
    "end": 1553147094397,
    "duration": 0,
    "pid": 19652,
    "index": 58
  },
  {
    "name": "Require(50) node_modules/egg-mongoose/app.js",
    "start": 1553147094397,
    "end": 1553147094397,
    "duration": 0,
    "pid": 19652,
    "index": 59
  },
  {
    "name": "Require(51) node_modules/egg-cors/app.js",
    "start": 1553147094398,
    "end": 1553147094398,
    "duration": 0,
    "pid": 19652,
    "index": 60
  },
  {
    "name": "Before Start in node_modules/egg-watcher/lib/init.js:15:14",
    "start": 1553147094419,
    "end": 1553147095183,
    "duration": 764,
    "pid": 19652,
    "index": 61
  },
  {
    "name": "Before Start in node_modules/egg-mongoose/lib/mongoose.js:83:7",
    "start": 1553147094962,
    "end": 1553147095224,
    "duration": 262,
    "pid": 19652,
    "index": 62
  },
  {
    "name": "Before Start in node_modules/egg-mongoose/lib/mongoose.js:42:9",
    "start": 1553147094962,
    "end": 1553147095171,
    "duration": 209,
    "pid": 19652,
    "index": 63
  },
  {
    "name": "Load Service",
    "start": 1553147094963,
    "end": 1553147094971,
    "duration": 8,
    "pid": 19652,
    "index": 64
  },
  {
    "name": "Load \"service\" to Context",
    "start": 1553147094963,
    "end": 1553147094971,
    "duration": 8,
    "pid": 19652,
    "index": 65
  },
  {
    "name": "Load Middleware",
    "start": 1553147094971,
    "end": 1553147095090,
    "duration": 119,
    "pid": 19652,
    "index": 66
  },
  {
    "name": "Load \"middlewares\" to Application",
    "start": 1553147094971,
    "end": 1553147095080,
    "duration": 109,
    "pid": 19652,
    "index": 67
  },
  {
    "name": "Load Controller",
    "start": 1553147095090,
    "end": 1553147095092,
    "duration": 2,
    "pid": 19652,
    "index": 68
  },
  {
    "name": "Load \"controller\" to Application",
    "start": 1553147095090,
    "end": 1553147095092,
    "duration": 2,
    "pid": 19652,
    "index": 69
  },
  {
    "name": "Load Router",
    "start": 1553147095092,
    "end": 1553147095095,
    "duration": 3,
    "pid": 19652,
    "index": 70
  },
  {
    "name": "Require(52) app/router.js",
    "start": 1553147095093,
    "end": 1553147095093,
    "duration": 0,
    "pid": 19652,
    "index": 71
  },
  {
    "name": "Before Start in node_modules/egg-core/lib/egg.js:287:10",
    "start": 1553147095093,
    "end": 1553147095171,
    "duration": 78,
    "pid": 19652,
    "index": 72
  },
  {
    "name": "Load \"model\" to Application",
    "start": 1553147095123,
    "end": 1553147095170,
    "duration": 47,
    "pid": 19652,
    "index": 73
  }
]