[
  {
    "name": "Application Start",
    "start": 1553146846648,
    "end": 1553146857082,
    "duration": 10434,
    "pid": 24284,
    "index": 0
  },
  {
    "name": "Load Plugin",
    "start": 1553146846656,
    "end": 1553146846675,
    "duration": 19,
    "pid": 24284,
    "index": 1
  },
  {
    "name": "Load Config",
    "start": 1553146846675,
    "end": 1553146846703,
    "duration": 28,
    "pid": 24284,
    "index": 2
  },
  {
    "name": "Require(0) config/config.default.js",
    "start": 1553146846676,
    "end": 1553146846676,
    "duration": 0,
    "pid": 24284,
    "index": 3
  },
  {
    "name": "Require(1) node_modules/egg-session/config/config.default.js",
    "start": 1553146846678,
    "end": 1553146846679,
    "duration": 1,
    "pid": 24284,
    "index": 4
  },
  {
    "name": "Require(2) node_modules/egg-security/config/config.default.js",
    "start": 1553146846679,
    "end": 1553146846679,
    "duration": 0,
    "pid": 24284,
    "index": 5
  },
  {
    "name": "Require(3) node_modules/egg-jsonp/config/config.default.js",
    "start": 1553146846680,
    "end": 1553146846681,
    "duration": 1,
    "pid": 24284,
    "index": 6
  },
  {
    "name": "Require(4) node_modules/egg-onerror/config/config.default.js",
    "start": 1553146846681,
    "end": 1553146846682,
    "duration": 1,
    "pid": 24284,
    "index": 7
  },
  {
    "name": "Require(5) node_modules/egg-i18n/config/config.default.js",
    "start": 1553146846682,
    "end": 1553146846683,
    "duration": 1,
    "pid": 24284,
    "index": 8
  },
  {
    "name": "Require(6) node_modules/egg-watcher/config/config.default.js",
    "start": 1553146846683,
    "end": 1553146846684,
    "duration": 1,
    "pid": 24284,
    "index": 9
  },
  {
    "name": "Require(7) node_modules/egg-schedule/config/config.default.js",
    "start": 1553146846684,
    "end": 1553146846686,
    "duration": 2,
    "pid": 24284,
    "index": 10
  },
  {
    "name": "Require(8) node_modules/egg-multipart/config/config.default.js",
    "start": 1553146846687,
    "end": 1553146846687,
    "duration": 0,
    "pid": 24284,
    "index": 11
  },
  {
    "name": "Require(9) node_modules/egg-development/config/config.default.js",
    "start": 1553146846687,
    "end": 1553146846688,
    "duration": 1,
    "pid": 24284,
    "index": 12
  },
  {
    "name": "Require(10) node_modules/egg-logrotator/config/config.default.js",
    "start": 1553146846688,
    "end": 1553146846688,
    "duration": 0,
    "pid": 24284,
    "index": 13
  },
  {
    "name": "Require(11) node_modules/egg-static/config/config.default.js",
    "start": 1553146846689,
    "end": 1553146846689,
    "duration": 0,
    "pid": 24284,
    "index": 14
  },
  {
    "name": "Require(12) node_modules/egg-view/config/config.default.js",
    "start": 1553146846690,
    "end": 1553146846690,
    "duration": 0,
    "pid": 24284,
    "index": 15
  },
  {
    "name": "Require(13) node_modules/egg-view-ejs/config/config.default.js",
    "start": 1553146846691,
    "end": 1553146846691,
    "duration": 0,
    "pid": 24284,
    "index": 16
  },
  {
    "name": "Require(14) node_modules/egg-mongoose/config/config.default.js",
    "start": 1553146846692,
    "end": 1553146846693,
    "duration": 1,
    "pid": 24284,
    "index": 17
  },
  {
    "name": "Require(15) node_modules/egg-cors/config/config.default.js",
    "start": 1553146846694,
    "end": 1553146846695,
    "duration": 1,
    "pid": 24284,
    "index": 18
  },
  {
    "name": "Require(16) node_modules/egg/config/config.default.js",
    "start": 1553146846696,
    "end": 1553146846696,
    "duration": 0,
    "pid": 24284,
    "index": 19
  },
  {
    "name": "Require(17) config/config.default.js",
    "start": 1553146846697,
    "end": 1553146846697,
    "duration": 0,
    "pid": 24284,
    "index": 20
  },
  {
    "name": "Require(18) node_modules/egg-security/config/config.local.js",
    "start": 1553146846698,
    "end": 1553146846698,
    "duration": 0,
    "pid": 24284,
    "index": 21
  },
  {
    "name": "Require(19) node_modules/egg-watcher/config/config.local.js",
    "start": 1553146846699,
    "end": 1553146846700,
    "duration": 1,
    "pid": 24284,
    "index": 22
  },
  {
    "name": "Require(20) node_modules/egg-view/config/config.local.js",
    "start": 1553146846701,
    "end": 1553146846701,
    "duration": 0,
    "pid": 24284,
    "index": 23
  },
  {
    "name": "Require(21) node_modules/egg-view-ejs/config/config.local.js",
    "start": 1553146846702,
    "end": 1553146846702,
    "duration": 0,
    "pid": 24284,
    "index": 24
  },
  {
    "name": "Require(22) node_modules/egg/config/config.local.js",
    "start": 1553146846703,
    "end": 1553146846703,
    "duration": 0,
    "pid": 24284,
    "index": 25
  },
  {
    "name": "Load extend/application.js",
    "start": 1553146846705,
    "end": 1553146846798,
    "duration": 93,
    "pid": 24284,
    "index": 26
  },
  {
    "name": "Require(23) node_modules/egg-session/app/extend/application.js",
    "start": 1553146846705,
    "end": 1553146846714,
    "duration": 9,
    "pid": 24284,
    "index": 27
  },
  {
    "name": "Require(24) node_modules/egg-security/app/extend/application.js",
    "start": 1553146846715,
    "end": 1553146846730,
    "duration": 15,
    "pid": 24284,
    "index": 28
  },
  {
    "name": "Require(25) node_modules/egg-jsonp/app/extend/application.js",
    "start": 1553146846730,
    "end": 1553146846746,
    "duration": 16,
    "pid": 24284,
    "index": 29
  },
  {
    "name": "Require(26) node_modules/egg-logrotator/app/extend/application.js",
    "start": 1553146846754,
    "end": 1553146846770,
    "duration": 16,
    "pid": 24284,
    "index": 30
  },
  {
    "name": "Require(27) node_modules/egg-view/app/extend/application.js",
    "start": 1553146846771,
    "end": 1553146846794,
    "duration": 23,
    "pid": 24284,
    "index": 31
  },
  {
    "name": "Load extend/request.js",
    "start": 1553146846798,
    "end": 1553146846817,
    "duration": 19,
    "pid": 24284,
    "index": 32
  },
  {
    "name": "Require(28) node_modules/egg/app/extend/request.js",
    "start": 1553146846800,
    "end": 1553146846813,
    "duration": 13,
    "pid": 24284,
    "index": 33
  },
  {
    "name": "Load extend/response.js",
    "start": 1553146846817,
    "end": 1553146846832,
    "duration": 15,
    "pid": 24284,
    "index": 34
  },
  {
    "name": "Require(29) node_modules/egg/app/extend/response.js",
    "start": 1553146846819,
    "end": 1553146846829,
    "duration": 10,
    "pid": 24284,
    "index": 35
  },
  {
    "name": "Load extend/context.js",
    "start": 1553146846832,
    "end": 1553146847577,
    "duration": 745,
    "pid": 24284,
    "index": 36
  },
  {
    "name": "Require(30) node_modules/egg-security/app/extend/context.js",
    "start": 1553146846832,
    "end": 1553146847018,
    "duration": 186,
    "pid": 24284,
    "index": 37
  },
  {
    "name": "Require(31) node_modules/egg-jsonp/app/extend/context.js",
    "start": 1553146847019,
    "end": 1553146847051,
    "duration": 32,
    "pid": 24284,
    "index": 38
  },
  {
    "name": "Require(32) node_modules/egg-i18n/app/extend/context.js",
    "start": 1553146847051,
    "end": 1553146847057,
    "duration": 6,
    "pid": 24284,
    "index": 39
  },
  {
    "name": "Require(33) node_modules/egg-multipart/app/extend/context.js",
    "start": 1553146847063,
    "end": 1553146847528,
    "duration": 465,
    "pid": 24284,
    "index": 40
  },
  {
    "name": "Require(34) node_modules/egg-view/app/extend/context.js",
    "start": 1553146847529,
    "end": 1553146847551,
    "duration": 22,
    "pid": 24284,
    "index": 41
  },
  {
    "name": "Require(35) node_modules/egg-mongoose/app/extend/context.js",
    "start": 1553146847552,
    "end": 1553146847557,
    "duration": 5,
    "pid": 24284,
    "index": 42
  },
  {
    "name": "Require(36) node_modules/egg/app/extend/context.js",
    "start": 1553146847557,
    "end": 1553146847574,
    "duration": 17,
    "pid": 24284,
    "index": 43
  },
  {
    "name": "Load extend/helper.js",
    "start": 1553146847577,
    "end": 1553146847942,
    "duration": 365,
    "pid": 24284,
    "index": 44
  },
  {
    "name": "Require(37) node_modules/egg-security/app/extend/helper.js",
    "start": 1553146847577,
    "end": 1553146847928,
    "duration": 351,
    "pid": 24284,
    "index": 45
  },
  {
    "name": "Require(38) node_modules/egg/app/extend/helper.js",
    "start": 1553146847931,
    "end": 1553146847939,
    "duration": 8,
    "pid": 24284,
    "index": 46
  },
  {
    "name": "Load app.js",
    "start": 1553146847942,
    "end": 1553146848643,
    "duration": 701,
    "pid": 24284,
    "index": 47
  },
  {
    "name": "Require(39) node_modules/egg-session/app.js",
    "start": 1553146847942,
    "end": 1553146847948,
    "duration": 6,
    "pid": 24284,
    "index": 48
  },
  {
    "name": "Require(40) node_modules/egg-security/app.js",
    "start": 1553146847949,
    "end": 1553146847967,
    "duration": 18,
    "pid": 24284,
    "index": 49
  },
  {
    "name": "Require(41) node_modules/egg-onerror/app.js",
    "start": 1553146847968,
    "end": 1553146848222,
    "duration": 254,
    "pid": 24284,
    "index": 50
  },
  {
    "name": "Require(42) node_modules/egg-i18n/app.js",
    "start": 1553146848222,
    "end": 1553146848474,
    "duration": 252,
    "pid": 24284,
    "index": 51
  },
  {
    "name": "Require(43) node_modules/egg-watcher/app.js",
    "start": 1553146848483,
    "end": 1553146848487,
    "duration": 4,
    "pid": 24284,
    "index": 52
  },
  {
    "name": "Require(44) node_modules/egg-schedule/app.js",
    "start": 1553146848488,
    "end": 1553146848498,
    "duration": 10,
    "pid": 24284,
    "index": 53
  },
  {
    "name": "Require(45) node_modules/egg-multipart/app.js",
    "start": 1553146848498,
    "end": 1553146848575,
    "duration": 77,
    "pid": 24284,
    "index": 54
  },
  {
    "name": "Require(46) node_modules/egg-development/app.js",
    "start": 1553146848576,
    "end": 1553146848584,
    "duration": 8,
    "pid": 24284,
    "index": 55
  },
  {
    "name": "Require(47) node_modules/egg-logrotator/app.js",
    "start": 1553146848585,
    "end": 1553146848592,
    "duration": 7,
    "pid": 24284,
    "index": 56
  },
  {
    "name": "Require(48) node_modules/egg-static/app.js",
    "start": 1553146848593,
    "end": 1553146848598,
    "duration": 5,
    "pid": 24284,
    "index": 57
  },
  {
    "name": "Require(49) node_modules/egg-view-ejs/app.js",
    "start": 1553146848616,
    "end": 1553146848620,
    "duration": 4,
    "pid": 24284,
    "index": 58
  },
  {
    "name": "Require(50) node_modules/egg-mongoose/app.js",
    "start": 1553146848623,
    "end": 1553146848628,
    "duration": 5,
    "pid": 24284,
    "index": 59
  },
  {
    "name": "Require(51) node_modules/egg-cors/app.js",
    "start": 1553146848638,
    "end": 1553146848643,
    "duration": 5,
    "pid": 24284,
    "index": 60
  },
  {
    "name": "Before Start in node_modules/egg-watcher/lib/init.js:15:14",
    "start": 1553146848763,
    "end": 1553146857053,
    "duration": 8290,
    "pid": 24284,
    "index": 61
  },
  {
    "name": "Before Start in node_modules/egg-mongoose/lib/mongoose.js:83:7",
    "start": 1553146855661,
    "end": 1553146857081,
    "duration": 1420,
    "pid": 24284,
    "index": 62
  },
  {
    "name": "Before Start in node_modules/egg-mongoose/lib/mongoose.js:42:9",
    "start": 1553146855662,
    "end": 1553146857033,
    "duration": 1371,
    "pid": 24284,
    "index": 63
  },
  {
    "name": "Load Service",
    "start": 1553146855662,
    "end": 1553146855676,
    "duration": 14,
    "pid": 24284,
    "index": 64
  },
  {
    "name": "Load \"service\" to Context",
    "start": 1553146855662,
    "end": 1553146855676,
    "duration": 14,
    "pid": 24284,
    "index": 65
  },
  {
    "name": "Load Middleware",
    "start": 1553146855676,
    "end": 1553146856798,
    "duration": 1122,
    "pid": 24284,
    "index": 66
  },
  {
    "name": "Load \"middlewares\" to Application",
    "start": 1553146855676,
    "end": 1553146856756,
    "duration": 1080,
    "pid": 24284,
    "index": 67
  },
  {
    "name": "Load Controller",
    "start": 1553146856798,
    "end": 1553146856813,
    "duration": 15,
    "pid": 24284,
    "index": 68
  },
  {
    "name": "Load \"controller\" to Application",
    "start": 1553146856798,
    "end": 1553146856813,
    "duration": 15,
    "pid": 24284,
    "index": 69
  },
  {
    "name": "Load Router",
    "start": 1553146856813,
    "end": 1553146856831,
    "duration": 18,
    "pid": 24284,
    "index": 70
  },
  {
    "name": "Require(52) app/router.js",
    "start": 1553146856814,
    "end": 1553146856829,
    "duration": 15,
    "pid": 24284,
    "index": 71
  },
  {
    "name": "Before Start in node_modules/egg-core/lib/egg.js:287:10",
    "start": 1553146856830,
    "end": 1553146857033,
    "duration": 203,
    "pid": 24284,
    "index": 72
  },
  {
    "name": "Load \"model\" to Application",
    "start": 1553146856872,
    "end": 1553146857033,
    "duration": 161,
    "pid": 24284,
    "index": 73
  }
]