[
  {
    "name": "Application Start",
    "start": 1548597822401,
    "end": 1548597823941,
    "duration": 1540,
    "pid": 16184,
    "index": 0
  },
  {
    "name": "Load Plugin",
    "start": 1548597822409,
    "end": 1548597822450,
    "duration": 41,
    "pid": 16184,
    "index": 1
  },
  {
    "name": "Load Config",
    "start": 1548597822450,
    "end": 1548597822496,
    "duration": 46,
    "pid": 16184,
    "index": 2
  },
  {
    "name": "Require(0) config/config.default.js",
    "start": 1548597822452,
    "end": 1548597822453,
    "duration": 1,
    "pid": 16184,
    "index": 3
  },
  {
    "name": "Require(1) node_modules/egg-session/config/config.default.js",
    "start": 1548597822455,
    "end": 1548597822456,
    "duration": 1,
    "pid": 16184,
    "index": 4
  },
  {
    "name": "Require(2) node_modules/egg-security/config/config.default.js",
    "start": 1548597822457,
    "end": 1548597822457,
    "duration": 0,
    "pid": 16184,
    "index": 5
  },
  {
    "name": "Require(3) node_modules/egg-jsonp/config/config.default.js",
    "start": 1548597822459,
    "end": 1548597822460,
    "duration": 1,
    "pid": 16184,
    "index": 6
  },
  {
    "name": "Require(4) node_modules/egg-onerror/config/config.default.js",
    "start": 1548597822461,
    "end": 1548597822461,
    "duration": 0,
    "pid": 16184,
    "index": 7
  },
  {
    "name": "Require(5) node_modules/egg-i18n/config/config.default.js",
    "start": 1548597822462,
    "end": 1548597822463,
    "duration": 1,
    "pid": 16184,
    "index": 8
  },
  {
    "name": "Require(6) node_modules/egg-watcher/config/config.default.js",
    "start": 1548597822464,
    "end": 1548597822465,
    "duration": 1,
    "pid": 16184,
    "index": 9
  },
  {
    "name": "Require(7) node_modules/egg-schedule/config/config.default.js",
    "start": 1548597822466,
    "end": 1548597822466,
    "duration": 0,
    "pid": 16184,
    "index": 10
  },
  {
    "name": "Require(8) node_modules/egg-multipart/config/config.default.js",
    "start": 1548597822468,
    "end": 1548597822468,
    "duration": 0,
    "pid": 16184,
    "index": 11
  },
  {
    "name": "Require(9) node_modules/egg-development/config/config.default.js",
    "start": 1548597822469,
    "end": 1548597822470,
    "duration": 1,
    "pid": 16184,
    "index": 12
  },
  {
    "name": "Require(10) node_modules/egg-logrotator/config/config.default.js",
    "start": 1548597822472,
    "end": 1548597822472,
    "duration": 0,
    "pid": 16184,
    "index": 13
  },
  {
    "name": "Require(11) node_modules/egg-static/config/config.default.js",
    "start": 1548597822474,
    "end": 1548597822475,
    "duration": 1,
    "pid": 16184,
    "index": 14
  },
  {
    "name": "Require(12) node_modules/egg-view/config/config.default.js",
    "start": 1548597822476,
    "end": 1548597822476,
    "duration": 0,
    "pid": 16184,
    "index": 15
  },
  {
    "name": "Require(13) node_modules/egg-view-ejs/config/config.default.js",
    "start": 1548597822478,
    "end": 1548597822478,
    "duration": 0,
    "pid": 16184,
    "index": 16
  },
  {
    "name": "Require(14) node_modules/egg-mongoose/config/config.default.js",
    "start": 1548597822479,
    "end": 1548597822480,
    "duration": 1,
    "pid": 16184,
    "index": 17
  },
  {
    "name": "Require(15) node_modules/egg-cors/config/config.default.js",
    "start": 1548597822481,
    "end": 1548597822482,
    "duration": 1,
    "pid": 16184,
    "index": 18
  },
  {
    "name": "Require(16) node_modules/egg/config/config.default.js",
    "start": 1548597822483,
    "end": 1548597822484,
    "duration": 1,
    "pid": 16184,
    "index": 19
  },
  {
    "name": "Require(17) config/config.default.js",
    "start": 1548597822486,
    "end": 1548597822486,
    "duration": 0,
    "pid": 16184,
    "index": 20
  },
  {
    "name": "Require(18) node_modules/egg-security/config/config.local.js",
    "start": 1548597822487,
    "end": 1548597822488,
    "duration": 1,
    "pid": 16184,
    "index": 21
  },
  {
    "name": "Require(19) node_modules/egg-watcher/config/config.local.js",
    "start": 1548597822489,
    "end": 1548597822490,
    "duration": 1,
    "pid": 16184,
    "index": 22
  },
  {
    "name": "Require(20) node_modules/egg-view/config/config.local.js",
    "start": 1548597822492,
    "end": 1548597822492,
    "duration": 0,
    "pid": 16184,
    "index": 23
  },
  {
    "name": "Require(21) node_modules/egg-view-ejs/config/config.local.js",
    "start": 1548597822493,
    "end": 1548597822494,
    "duration": 1,
    "pid": 16184,
    "index": 24
  },
  {
    "name": "Require(22) node_modules/egg/config/config.local.js",
    "start": 1548597822495,
    "end": 1548597822496,
    "duration": 1,
    "pid": 16184,
    "index": 25
  },
  {
    "name": "Load extend/application.js",
    "start": 1548597822497,
    "end": 1548597822527,
    "duration": 30,
    "pid": 16184,
    "index": 26
  },
  {
    "name": "Require(23) node_modules/egg-session/app/extend/application.js",
    "start": 1548597822498,
    "end": 1548597822500,
    "duration": 2,
    "pid": 16184,
    "index": 27
  },
  {
    "name": "Require(24) node_modules/egg-security/app/extend/application.js",
    "start": 1548597822501,
    "end": 1548597822504,
    "duration": 3,
    "pid": 16184,
    "index": 28
  },
  {
    "name": "Require(25) node_modules/egg-jsonp/app/extend/application.js",
    "start": 1548597822505,
    "end": 1548597822507,
    "duration": 2,
    "pid": 16184,
    "index": 29
  },
  {
    "name": "Require(26) node_modules/egg-logrotator/app/extend/application.js",
    "start": 1548597822509,
    "end": 1548597822512,
    "duration": 3,
    "pid": 16184,
    "index": 30
  },
  {
    "name": "Require(27) node_modules/egg-view/app/extend/application.js",
    "start": 1548597822513,
    "end": 1548597822516,
    "duration": 3,
    "pid": 16184,
    "index": 31
  },
  {
    "name": "Load extend/request.js",
    "start": 1548597822527,
    "end": 1548597822541,
    "duration": 14,
    "pid": 16184,
    "index": 32
  },
  {
    "name": "Require(28) node_modules/egg/app/extend/request.js",
    "start": 1548597822534,
    "end": 1548597822536,
    "duration": 2,
    "pid": 16184,
    "index": 33
  },
  {
    "name": "Load extend/response.js",
    "start": 1548597822541,
    "end": 1548597822560,
    "duration": 19,
    "pid": 16184,
    "index": 34
  },
  {
    "name": "Require(29) node_modules/egg/app/extend/response.js",
    "start": 1548597822552,
    "end": 1548597822554,
    "duration": 2,
    "pid": 16184,
    "index": 35
  },
  {
    "name": "Load extend/context.js",
    "start": 1548597822560,
    "end": 1548597822697,
    "duration": 137,
    "pid": 16184,
    "index": 36
  },
  {
    "name": "Require(30) node_modules/egg-security/app/extend/context.js",
    "start": 1548597822561,
    "end": 1548597822598,
    "duration": 37,
    "pid": 16184,
    "index": 37
  },
  {
    "name": "Require(31) node_modules/egg-jsonp/app/extend/context.js",
    "start": 1548597822599,
    "end": 1548597822601,
    "duration": 2,
    "pid": 16184,
    "index": 38
  },
  {
    "name": "Require(32) node_modules/egg-i18n/app/extend/context.js",
    "start": 1548597822602,
    "end": 1548597822602,
    "duration": 0,
    "pid": 16184,
    "index": 39
  },
  {
    "name": "Require(33) node_modules/egg-multipart/app/extend/context.js",
    "start": 1548597822604,
    "end": 1548597822684,
    "duration": 80,
    "pid": 16184,
    "index": 40
  },
  {
    "name": "Require(34) node_modules/egg-view/app/extend/context.js",
    "start": 1548597822686,
    "end": 1548597822688,
    "duration": 2,
    "pid": 16184,
    "index": 41
  },
  {
    "name": "Require(35) node_modules/egg-mongoose/app/extend/context.js",
    "start": 1548597822689,
    "end": 1548597822690,
    "duration": 1,
    "pid": 16184,
    "index": 42
  },
  {
    "name": "Require(36) node_modules/egg/app/extend/context.js",
    "start": 1548597822691,
    "end": 1548597822692,
    "duration": 1,
    "pid": 16184,
    "index": 43
  },
  {
    "name": "Load extend/helper.js",
    "start": 1548597822697,
    "end": 1548597822735,
    "duration": 38,
    "pid": 16184,
    "index": 44
  },
  {
    "name": "Require(37) node_modules/egg-security/app/extend/helper.js",
    "start": 1548597822698,
    "end": 1548597822726,
    "duration": 28,
    "pid": 16184,
    "index": 45
  },
  {
    "name": "Require(38) node_modules/egg/app/extend/helper.js",
    "start": 1548597822730,
    "end": 1548597822730,
    "duration": 0,
    "pid": 16184,
    "index": 46
  },
  {
    "name": "Load app.js",
    "start": 1548597822735,
    "end": 1548597822807,
    "duration": 72,
    "pid": 16184,
    "index": 47
  },
  {
    "name": "Require(39) node_modules/egg-session/app.js",
    "start": 1548597822736,
    "end": 1548597822737,
    "duration": 1,
    "pid": 16184,
    "index": 48
  },
  {
    "name": "Require(40) node_modules/egg-security/app.js",
    "start": 1548597822738,
    "end": 1548597822740,
    "duration": 2,
    "pid": 16184,
    "index": 49
  },
  {
    "name": "Require(41) node_modules/egg-onerror/app.js",
    "start": 1548597822742,
    "end": 1548597822757,
    "duration": 15,
    "pid": 16184,
    "index": 50
  },
  {
    "name": "Require(42) node_modules/egg-i18n/app.js",
    "start": 1548597822758,
    "end": 1548597822781,
    "duration": 23,
    "pid": 16184,
    "index": 51
  },
  {
    "name": "Require(43) node_modules/egg-watcher/app.js",
    "start": 1548597822782,
    "end": 1548597822788,
    "duration": 6,
    "pid": 16184,
    "index": 52
  },
  {
    "name": "Require(44) node_modules/egg-schedule/app.js",
    "start": 1548597822789,
    "end": 1548597822792,
    "duration": 3,
    "pid": 16184,
    "index": 53
  },
  {
    "name": "Require(45) node_modules/egg-multipart/app.js",
    "start": 1548597822792,
    "end": 1548597822797,
    "duration": 5,
    "pid": 16184,
    "index": 54
  },
  {
    "name": "Require(46) node_modules/egg-development/app.js",
    "start": 1548597822798,
    "end": 1548597822799,
    "duration": 1,
    "pid": 16184,
    "index": 55
  },
  {
    "name": "Require(47) node_modules/egg-logrotator/app.js",
    "start": 1548597822800,
    "end": 1548597822800,
    "duration": 0,
    "pid": 16184,
    "index": 56
  },
  {
    "name": "Require(48) node_modules/egg-static/app.js",
    "start": 1548597822801,
    "end": 1548597822801,
    "duration": 0,
    "pid": 16184,
    "index": 57
  },
  {
    "name": "Require(49) node_modules/egg-view-ejs/app.js",
    "start": 1548597822803,
    "end": 1548597822803,
    "duration": 0,
    "pid": 16184,
    "index": 58
  },
  {
    "name": "Require(50) node_modules/egg-mongoose/app.js",
    "start": 1548597822804,
    "end": 1548597822804,
    "duration": 0,
    "pid": 16184,
    "index": 59
  },
  {
    "name": "Require(51) node_modules/egg-cors/app.js",
    "start": 1548597822805,
    "end": 1548597822806,
    "duration": 1,
    "pid": 16184,
    "index": 60
  },
  {
    "name": "Before Start in node_modules/egg-watcher/lib/init.js:15:14",
    "start": 1548597822833,
    "end": 1548597823891,
    "duration": 1058,
    "pid": 16184,
    "index": 61
  },
  {
    "name": "Before Start in node_modules/egg-mongoose/lib/mongoose.js:83:7",
    "start": 1548597823569,
    "end": 1548597823941,
    "duration": 372,
    "pid": 16184,
    "index": 62
  },
  {
    "name": "Before Start in node_modules/egg-mongoose/lib/mongoose.js:42:9",
    "start": 1548597823570,
    "end": 1548597823867,
    "duration": 297,
    "pid": 16184,
    "index": 63
  },
  {
    "name": "Load Service",
    "start": 1548597823570,
    "end": 1548597823578,
    "duration": 8,
    "pid": 16184,
    "index": 64
  },
  {
    "name": "Load \"service\" to Context",
    "start": 1548597823570,
    "end": 1548597823578,
    "duration": 8,
    "pid": 16184,
    "index": 65
  },
  {
    "name": "Load Middleware",
    "start": 1548597823578,
    "end": 1548597823763,
    "duration": 185,
    "pid": 16184,
    "index": 66
  },
  {
    "name": "Load \"middlewares\" to Application",
    "start": 1548597823579,
    "end": 1548597823748,
    "duration": 169,
    "pid": 16184,
    "index": 67
  },
  {
    "name": "Load Controller",
    "start": 1548597823763,
    "end": 1548597823767,
    "duration": 4,
    "pid": 16184,
    "index": 68
  },
  {
    "name": "Load \"controller\" to Application",
    "start": 1548597823763,
    "end": 1548597823767,
    "duration": 4,
    "pid": 16184,
    "index": 69
  },
  {
    "name": "Load Router",
    "start": 1548597823767,
    "end": 1548597823771,
    "duration": 4,
    "pid": 16184,
    "index": 70
  },
  {
    "name": "Require(52) app/router.js",
    "start": 1548597823768,
    "end": 1548597823769,
    "duration": 1,
    "pid": 16184,
    "index": 71
  },
  {
    "name": "Before Start in node_modules/egg-core/lib/egg.js:287:10",
    "start": 1548597823769,
    "end": 1548597823867,
    "duration": 98,
    "pid": 16184,
    "index": 72
  },
  {
    "name": "Load \"model\" to Application",
    "start": 1548597823788,
    "end": 1548597823866,
    "duration": 78,
    "pid": 16184,
    "index": 73
  }
]