[
  {
    "name": "Application Start",
    "start": 1548597825795,
    "end": 1548597827412,
    "duration": 1617,
    "pid": 532,
    "index": 0
  },
  {
    "name": "Load Plugin",
    "start": 1548597825802,
    "end": 1548597825842,
    "duration": 40,
    "pid": 532,
    "index": 1
  },
  {
    "name": "Load Config",
    "start": 1548597825842,
    "end": 1548597825900,
    "duration": 58,
    "pid": 532,
    "index": 2
  },
  {
    "name": "Require(0) config/config.default.js",
    "start": 1548597825844,
    "end": 1548597825845,
    "duration": 1,
    "pid": 532,
    "index": 3
  },
  {
    "name": "Require(1) node_modules/egg-session/config/config.default.js",
    "start": 1548597825849,
    "end": 1548597825850,
    "duration": 1,
    "pid": 532,
    "index": 4
  },
  {
    "name": "Require(2) node_modules/egg-security/config/config.default.js",
    "start": 1548597825853,
    "end": 1548597825853,
    "duration": 0,
    "pid": 532,
    "index": 5
  },
  {
    "name": "Require(3) node_modules/egg-jsonp/config/config.default.js",
    "start": 1548597825857,
    "end": 1548597825858,
    "duration": 1,
    "pid": 532,
    "index": 6
  },
  {
    "name": "Require(4) node_modules/egg-onerror/config/config.default.js",
    "start": 1548597825859,
    "end": 1548597825860,
    "duration": 1,
    "pid": 532,
    "index": 7
  },
  {
    "name": "Require(5) node_modules/egg-i18n/config/config.default.js",
    "start": 1548597825861,
    "end": 1548597825862,
    "duration": 1,
    "pid": 532,
    "index": 8
  },
  {
    "name": "Require(6) node_modules/egg-watcher/config/config.default.js",
    "start": 1548597825864,
    "end": 1548597825865,
    "duration": 1,
    "pid": 532,
    "index": 9
  },
  {
    "name": "Require(7) node_modules/egg-schedule/config/config.default.js",
    "start": 1548597825866,
    "end": 1548597825867,
    "duration": 1,
    "pid": 532,
    "index": 10
  },
  {
    "name": "Require(8) node_modules/egg-multipart/config/config.default.js",
    "start": 1548597825869,
    "end": 1548597825869,
    "duration": 0,
    "pid": 532,
    "index": 11
  },
  {
    "name": "Require(9) node_modules/egg-development/config/config.default.js",
    "start": 1548597825871,
    "end": 1548597825871,
    "duration": 0,
    "pid": 532,
    "index": 12
  },
  {
    "name": "Require(10) node_modules/egg-logrotator/config/config.default.js",
    "start": 1548597825872,
    "end": 1548597825873,
    "duration": 1,
    "pid": 532,
    "index": 13
  },
  {
    "name": "Require(11) node_modules/egg-static/config/config.default.js",
    "start": 1548597825874,
    "end": 1548597825875,
    "duration": 1,
    "pid": 532,
    "index": 14
  },
  {
    "name": "Require(12) node_modules/egg-view/config/config.default.js",
    "start": 1548597825876,
    "end": 1548597825877,
    "duration": 1,
    "pid": 532,
    "index": 15
  },
  {
    "name": "Require(13) node_modules/egg-view-ejs/config/config.default.js",
    "start": 1548597825878,
    "end": 1548597825879,
    "duration": 1,
    "pid": 532,
    "index": 16
  },
  {
    "name": "Require(14) node_modules/egg-mongoose/config/config.default.js",
    "start": 1548597825881,
    "end": 1548597825882,
    "duration": 1,
    "pid": 532,
    "index": 17
  },
  {
    "name": "Require(15) node_modules/egg-cors/config/config.default.js",
    "start": 1548597825883,
    "end": 1548597825884,
    "duration": 1,
    "pid": 532,
    "index": 18
  },
  {
    "name": "Require(16) node_modules/egg/config/config.default.js",
    "start": 1548597825885,
    "end": 1548597825886,
    "duration": 1,
    "pid": 532,
    "index": 19
  },
  {
    "name": "Require(17) config/config.default.js",
    "start": 1548597825890,
    "end": 1548597825890,
    "duration": 0,
    "pid": 532,
    "index": 20
  },
  {
    "name": "Require(18) node_modules/egg-security/config/config.local.js",
    "start": 1548597825891,
    "end": 1548597825892,
    "duration": 1,
    "pid": 532,
    "index": 21
  },
  {
    "name": "Require(19) node_modules/egg-watcher/config/config.local.js",
    "start": 1548597825893,
    "end": 1548597825894,
    "duration": 1,
    "pid": 532,
    "index": 22
  },
  {
    "name": "Require(20) node_modules/egg-view/config/config.local.js",
    "start": 1548597825896,
    "end": 1548597825897,
    "duration": 1,
    "pid": 532,
    "index": 23
  },
  {
    "name": "Require(21) node_modules/egg-view-ejs/config/config.local.js",
    "start": 1548597825898,
    "end": 1548597825898,
    "duration": 0,
    "pid": 532,
    "index": 24
  },
  {
    "name": "Require(22) node_modules/egg/config/config.local.js",
    "start": 1548597825900,
    "end": 1548597825900,
    "duration": 0,
    "pid": 532,
    "index": 25
  },
  {
    "name": "Load extend/application.js",
    "start": 1548597825902,
    "end": 1548597825926,
    "duration": 24,
    "pid": 532,
    "index": 26
  },
  {
    "name": "Require(23) node_modules/egg-session/app/extend/application.js",
    "start": 1548597825903,
    "end": 1548597825904,
    "duration": 1,
    "pid": 532,
    "index": 27
  },
  {
    "name": "Require(24) node_modules/egg-security/app/extend/application.js",
    "start": 1548597825905,
    "end": 1548597825908,
    "duration": 3,
    "pid": 532,
    "index": 28
  },
  {
    "name": "Require(25) node_modules/egg-jsonp/app/extend/application.js",
    "start": 1548597825908,
    "end": 1548597825911,
    "duration": 3,
    "pid": 532,
    "index": 29
  },
  {
    "name": "Require(26) node_modules/egg-logrotator/app/extend/application.js",
    "start": 1548597825913,
    "end": 1548597825916,
    "duration": 3,
    "pid": 532,
    "index": 30
  },
  {
    "name": "Require(27) node_modules/egg-view/app/extend/application.js",
    "start": 1548597825917,
    "end": 1548597825920,
    "duration": 3,
    "pid": 532,
    "index": 31
  },
  {
    "name": "Load extend/request.js",
    "start": 1548597825926,
    "end": 1548597825942,
    "duration": 16,
    "pid": 532,
    "index": 32
  },
  {
    "name": "Require(28) node_modules/egg/app/extend/request.js",
    "start": 1548597825933,
    "end": 1548597825935,
    "duration": 2,
    "pid": 532,
    "index": 33
  },
  {
    "name": "Load extend/response.js",
    "start": 1548597825942,
    "end": 1548597825957,
    "duration": 15,
    "pid": 532,
    "index": 34
  },
  {
    "name": "Require(29) node_modules/egg/app/extend/response.js",
    "start": 1548597825950,
    "end": 1548597825952,
    "duration": 2,
    "pid": 532,
    "index": 35
  },
  {
    "name": "Load extend/context.js",
    "start": 1548597825957,
    "end": 1548597826085,
    "duration": 128,
    "pid": 532,
    "index": 36
  },
  {
    "name": "Require(30) node_modules/egg-security/app/extend/context.js",
    "start": 1548597825958,
    "end": 1548597825986,
    "duration": 28,
    "pid": 532,
    "index": 37
  },
  {
    "name": "Require(31) node_modules/egg-jsonp/app/extend/context.js",
    "start": 1548597825987,
    "end": 1548597825989,
    "duration": 2,
    "pid": 532,
    "index": 38
  },
  {
    "name": "Require(32) node_modules/egg-i18n/app/extend/context.js",
    "start": 1548597825990,
    "end": 1548597825990,
    "duration": 0,
    "pid": 532,
    "index": 39
  },
  {
    "name": "Require(33) node_modules/egg-multipart/app/extend/context.js",
    "start": 1548597825992,
    "end": 1548597826071,
    "duration": 79,
    "pid": 532,
    "index": 40
  },
  {
    "name": "Require(34) node_modules/egg-view/app/extend/context.js",
    "start": 1548597826073,
    "end": 1548597826076,
    "duration": 3,
    "pid": 532,
    "index": 41
  },
  {
    "name": "Require(35) node_modules/egg-mongoose/app/extend/context.js",
    "start": 1548597826077,
    "end": 1548597826077,
    "duration": 0,
    "pid": 532,
    "index": 42
  },
  {
    "name": "Require(36) node_modules/egg/app/extend/context.js",
    "start": 1548597826078,
    "end": 1548597826080,
    "duration": 2,
    "pid": 532,
    "index": 43
  },
  {
    "name": "Load extend/helper.js",
    "start": 1548597826085,
    "end": 1548597826129,
    "duration": 44,
    "pid": 532,
    "index": 44
  },
  {
    "name": "Require(37) node_modules/egg-security/app/extend/helper.js",
    "start": 1548597826087,
    "end": 1548597826119,
    "duration": 32,
    "pid": 532,
    "index": 45
  },
  {
    "name": "Require(38) node_modules/egg/app/extend/helper.js",
    "start": 1548597826123,
    "end": 1548597826123,
    "duration": 0,
    "pid": 532,
    "index": 46
  },
  {
    "name": "Load app.js",
    "start": 1548597826129,
    "end": 1548597826204,
    "duration": 75,
    "pid": 532,
    "index": 47
  },
  {
    "name": "Require(39) node_modules/egg-session/app.js",
    "start": 1548597826130,
    "end": 1548597826130,
    "duration": 0,
    "pid": 532,
    "index": 48
  },
  {
    "name": "Require(40) node_modules/egg-security/app.js",
    "start": 1548597826131,
    "end": 1548597826134,
    "duration": 3,
    "pid": 532,
    "index": 49
  },
  {
    "name": "Require(41) node_modules/egg-onerror/app.js",
    "start": 1548597826135,
    "end": 1548597826152,
    "duration": 17,
    "pid": 532,
    "index": 50
  },
  {
    "name": "Require(42) node_modules/egg-i18n/app.js",
    "start": 1548597826153,
    "end": 1548597826177,
    "duration": 24,
    "pid": 532,
    "index": 51
  },
  {
    "name": "Require(43) node_modules/egg-watcher/app.js",
    "start": 1548597826178,
    "end": 1548597826185,
    "duration": 7,
    "pid": 532,
    "index": 52
  },
  {
    "name": "Require(44) node_modules/egg-schedule/app.js",
    "start": 1548597826186,
    "end": 1548597826188,
    "duration": 2,
    "pid": 532,
    "index": 53
  },
  {
    "name": "Require(45) node_modules/egg-multipart/app.js",
    "start": 1548597826189,
    "end": 1548597826194,
    "duration": 5,
    "pid": 532,
    "index": 54
  },
  {
    "name": "Require(46) node_modules/egg-development/app.js",
    "start": 1548597826195,
    "end": 1548597826195,
    "duration": 0,
    "pid": 532,
    "index": 55
  },
  {
    "name": "Require(47) node_modules/egg-logrotator/app.js",
    "start": 1548597826196,
    "end": 1548597826196,
    "duration": 0,
    "pid": 532,
    "index": 56
  },
  {
    "name": "Require(48) node_modules/egg-static/app.js",
    "start": 1548597826197,
    "end": 1548597826198,
    "duration": 1,
    "pid": 532,
    "index": 57
  },
  {
    "name": "Require(49) node_modules/egg-view-ejs/app.js",
    "start": 1548597826199,
    "end": 1548597826199,
    "duration": 0,
    "pid": 532,
    "index": 58
  },
  {
    "name": "Require(50) node_modules/egg-mongoose/app.js",
    "start": 1548597826200,
    "end": 1548597826201,
    "duration": 1,
    "pid": 532,
    "index": 59
  },
  {
    "name": "Require(51) node_modules/egg-cors/app.js",
    "start": 1548597826202,
    "end": 1548597826202,
    "duration": 0,
    "pid": 532,
    "index": 60
  },
  {
    "name": "Before Start in node_modules/egg-watcher/lib/init.js:15:14",
    "start": 1548597826226,
    "end": 1548597827376,
    "duration": 1150,
    "pid": 532,
    "index": 61
  },
  {
    "name": "Before Start in node_modules/egg-mongoose/lib/mongoose.js:83:7",
    "start": 1548597826980,
    "end": 1548597827412,
    "duration": 432,
    "pid": 532,
    "index": 62
  },
  {
    "name": "Before Start in node_modules/egg-mongoose/lib/mongoose.js:42:9",
    "start": 1548597826980,
    "end": 1548597827359,
    "duration": 379,
    "pid": 532,
    "index": 63
  },
  {
    "name": "Load Service",
    "start": 1548597826980,
    "end": 1548597826989,
    "duration": 9,
    "pid": 532,
    "index": 64
  },
  {
    "name": "Load \"service\" to Context",
    "start": 1548597826981,
    "end": 1548597826989,
    "duration": 8,
    "pid": 532,
    "index": 65
  },
  {
    "name": "Load Middleware",
    "start": 1548597826989,
    "end": 1548597827260,
    "duration": 271,
    "pid": 532,
    "index": 66
  },
  {
    "name": "Load \"middlewares\" to Application",
    "start": 1548597826989,
    "end": 1548597827246,
    "duration": 257,
    "pid": 532,
    "index": 67
  },
  {
    "name": "Load Controller",
    "start": 1548597827260,
    "end": 1548597827263,
    "duration": 3,
    "pid": 532,
    "index": 68
  },
  {
    "name": "Load \"controller\" to Application",
    "start": 1548597827260,
    "end": 1548597827263,
    "duration": 3,
    "pid": 532,
    "index": 69
  },
  {
    "name": "Load Router",
    "start": 1548597827263,
    "end": 1548597827268,
    "duration": 5,
    "pid": 532,
    "index": 70
  },
  {
    "name": "Require(52) app/router.js",
    "start": 1548597827265,
    "end": 1548597827266,
    "duration": 1,
    "pid": 532,
    "index": 71
  },
  {
    "name": "Before Start in node_modules/egg-core/lib/egg.js:287:10",
    "start": 1548597827266,
    "end": 1548597827359,
    "duration": 93,
    "pid": 532,
    "index": 72
  },
  {
    "name": "Load \"model\" to Application",
    "start": 1548597827284,
    "end": 1548597827359,
    "duration": 75,
    "pid": 532,
    "index": 73
  }
]