[
  {
    "name": "Application Start",
    "start": 1548597817108,
    "end": 1548597819537,
    "duration": 2429,
    "pid": 4432,
    "index": 0
  },
  {
    "name": "Load Plugin",
    "start": 1548597817122,
    "end": 1548597817176,
    "duration": 54,
    "pid": 4432,
    "index": 1
  },
  {
    "name": "Load Config",
    "start": 1548597817176,
    "end": 1548597817256,
    "duration": 80,
    "pid": 4432,
    "index": 2
  },
  {
    "name": "Require(0) config/config.default.js",
    "start": 1548597817178,
    "end": 1548597817179,
    "duration": 1,
    "pid": 4432,
    "index": 3
  },
  {
    "name": "Require(1) node_modules/egg-session/config/config.default.js",
    "start": 1548597817182,
    "end": 1548597817183,
    "duration": 1,
    "pid": 4432,
    "index": 4
  },
  {
    "name": "Require(2) node_modules/egg-security/config/config.default.js",
    "start": 1548597817196,
    "end": 1548597817197,
    "duration": 1,
    "pid": 4432,
    "index": 5
  },
  {
    "name": "Require(3) node_modules/egg-jsonp/config/config.default.js",
    "start": 1548597817200,
    "end": 1548597817201,
    "duration": 1,
    "pid": 4432,
    "index": 6
  },
  {
    "name": "Require(4) node_modules/egg-onerror/config/config.default.js",
    "start": 1548597817202,
    "end": 1548597817203,
    "duration": 1,
    "pid": 4432,
    "index": 7
  },
  {
    "name": "Require(5) node_modules/egg-i18n/config/config.default.js",
    "start": 1548597817206,
    "end": 1548597817207,
    "duration": 1,
    "pid": 4432,
    "index": 8
  },
  {
    "name": "Require(6) node_modules/egg-watcher/config/config.default.js",
    "start": 1548597817208,
    "end": 1548597817209,
    "duration": 1,
    "pid": 4432,
    "index": 9
  },
  {
    "name": "Require(7) node_modules/egg-schedule/config/config.default.js",
    "start": 1548597817210,
    "end": 1548597817211,
    "duration": 1,
    "pid": 4432,
    "index": 10
  },
  {
    "name": "Require(8) node_modules/egg-multipart/config/config.default.js",
    "start": 1548597817212,
    "end": 1548597817213,
    "duration": 1,
    "pid": 4432,
    "index": 11
  },
  {
    "name": "Require(9) node_modules/egg-development/config/config.default.js",
    "start": 1548597817215,
    "end": 1548597817216,
    "duration": 1,
    "pid": 4432,
    "index": 12
  },
  {
    "name": "Require(10) node_modules/egg-logrotator/config/config.default.js",
    "start": 1548597817217,
    "end": 1548597817218,
    "duration": 1,
    "pid": 4432,
    "index": 13
  },
  {
    "name": "Require(11) node_modules/egg-static/config/config.default.js",
    "start": 1548597817221,
    "end": 1548597817222,
    "duration": 1,
    "pid": 4432,
    "index": 14
  },
  {
    "name": "Require(12) node_modules/egg-view/config/config.default.js",
    "start": 1548597817224,
    "end": 1548597817225,
    "duration": 1,
    "pid": 4432,
    "index": 15
  },
  {
    "name": "Require(13) node_modules/egg-view-ejs/config/config.default.js",
    "start": 1548597817226,
    "end": 1548597817226,
    "duration": 0,
    "pid": 4432,
    "index": 16
  },
  {
    "name": "Require(14) node_modules/egg-mongoose/config/config.default.js",
    "start": 1548597817228,
    "end": 1548597817228,
    "duration": 0,
    "pid": 4432,
    "index": 17
  },
  {
    "name": "Require(15) node_modules/egg-cors/config/config.default.js",
    "start": 1548597817230,
    "end": 1548597817230,
    "duration": 0,
    "pid": 4432,
    "index": 18
  },
  {
    "name": "Require(16) node_modules/egg/config/config.default.js",
    "start": 1548597817233,
    "end": 1548597817235,
    "duration": 2,
    "pid": 4432,
    "index": 19
  },
  {
    "name": "Require(17) config/config.default.js",
    "start": 1548597817237,
    "end": 1548597817238,
    "duration": 1,
    "pid": 4432,
    "index": 20
  },
  {
    "name": "Require(18) node_modules/egg-security/config/config.local.js",
    "start": 1548597817241,
    "end": 1548597817242,
    "duration": 1,
    "pid": 4432,
    "index": 21
  },
  {
    "name": "Require(19) node_modules/egg-watcher/config/config.local.js",
    "start": 1548597817245,
    "end": 1548597817246,
    "duration": 1,
    "pid": 4432,
    "index": 22
  },
  {
    "name": "Require(20) node_modules/egg-view/config/config.local.js",
    "start": 1548597817249,
    "end": 1548597817250,
    "duration": 1,
    "pid": 4432,
    "index": 23
  },
  {
    "name": "Require(21) node_modules/egg-view-ejs/config/config.local.js",
    "start": 1548597817251,
    "end": 1548597817253,
    "duration": 2,
    "pid": 4432,
    "index": 24
  },
  {
    "name": "Require(22) node_modules/egg/config/config.local.js",
    "start": 1548597817254,
    "end": 1548597817256,
    "duration": 2,
    "pid": 4432,
    "index": 25
  },
  {
    "name": "Load extend/application.js",
    "start": 1548597817257,
    "end": 1548597817292,
    "duration": 35,
    "pid": 4432,
    "index": 26
  },
  {
    "name": "Require(23) node_modules/egg-session/app/extend/application.js",
    "start": 1548597817259,
    "end": 1548597817260,
    "duration": 1,
    "pid": 4432,
    "index": 27
  },
  {
    "name": "Require(24) node_modules/egg-security/app/extend/application.js",
    "start": 1548597817261,
    "end": 1548597817264,
    "duration": 3,
    "pid": 4432,
    "index": 28
  },
  {
    "name": "Require(25) node_modules/egg-jsonp/app/extend/application.js",
    "start": 1548597817265,
    "end": 1548597817269,
    "duration": 4,
    "pid": 4432,
    "index": 29
  },
  {
    "name": "Require(26) node_modules/egg-logrotator/app/extend/application.js",
    "start": 1548597817273,
    "end": 1548597817276,
    "duration": 3,
    "pid": 4432,
    "index": 30
  },
  {
    "name": "Require(27) node_modules/egg-view/app/extend/application.js",
    "start": 1548597817278,
    "end": 1548597817283,
    "duration": 5,
    "pid": 4432,
    "index": 31
  },
  {
    "name": "Load extend/request.js",
    "start": 1548597817292,
    "end": 1548597817313,
    "duration": 21,
    "pid": 4432,
    "index": 32
  },
  {
    "name": "Require(28) node_modules/egg/app/extend/request.js",
    "start": 1548597817303,
    "end": 1548597817307,
    "duration": 4,
    "pid": 4432,
    "index": 33
  },
  {
    "name": "Load extend/response.js",
    "start": 1548597817313,
    "end": 1548597817330,
    "duration": 17,
    "pid": 4432,
    "index": 34
  },
  {
    "name": "Require(29) node_modules/egg/app/extend/response.js",
    "start": 1548597817319,
    "end": 1548597817322,
    "duration": 3,
    "pid": 4432,
    "index": 35
  },
  {
    "name": "Load extend/context.js",
    "start": 1548597817330,
    "end": 1548597817500,
    "duration": 170,
    "pid": 4432,
    "index": 36
  },
  {
    "name": "Require(30) node_modules/egg-security/app/extend/context.js",
    "start": 1548597817332,
    "end": 1548597817381,
    "duration": 49,
    "pid": 4432,
    "index": 37
  },
  {
    "name": "Require(31) node_modules/egg-jsonp/app/extend/context.js",
    "start": 1548597817382,
    "end": 1548597817387,
    "duration": 5,
    "pid": 4432,
    "index": 38
  },
  {
    "name": "Require(32) node_modules/egg-i18n/app/extend/context.js",
    "start": 1548597817388,
    "end": 1548597817389,
    "duration": 1,
    "pid": 4432,
    "index": 39
  },
  {
    "name": "Require(33) node_modules/egg-multipart/app/extend/context.js",
    "start": 1548597817391,
    "end": 1548597817482,
    "duration": 91,
    "pid": 4432,
    "index": 40
  },
  {
    "name": "Require(34) node_modules/egg-view/app/extend/context.js",
    "start": 1548597817485,
    "end": 1548597817488,
    "duration": 3,
    "pid": 4432,
    "index": 41
  },
  {
    "name": "Require(35) node_modules/egg-mongoose/app/extend/context.js",
    "start": 1548597817490,
    "end": 1548597817490,
    "duration": 0,
    "pid": 4432,
    "index": 42
  },
  {
    "name": "Require(36) node_modules/egg/app/extend/context.js",
    "start": 1548597817492,
    "end": 1548597817495,
    "duration": 3,
    "pid": 4432,
    "index": 43
  },
  {
    "name": "Load extend/helper.js",
    "start": 1548597817500,
    "end": 1548597817563,
    "duration": 63,
    "pid": 4432,
    "index": 44
  },
  {
    "name": "Require(37) node_modules/egg-security/app/extend/helper.js",
    "start": 1548597817501,
    "end": 1548597817552,
    "duration": 51,
    "pid": 4432,
    "index": 45
  },
  {
    "name": "Require(38) node_modules/egg/app/extend/helper.js",
    "start": 1548597817557,
    "end": 1548597817557,
    "duration": 0,
    "pid": 4432,
    "index": 46
  },
  {
    "name": "Load app.js",
    "start": 1548597817563,
    "end": 1548597817683,
    "duration": 120,
    "pid": 4432,
    "index": 47
  },
  {
    "name": "Require(39) node_modules/egg-session/app.js",
    "start": 1548597817564,
    "end": 1548597817565,
    "duration": 1,
    "pid": 4432,
    "index": 48
  },
  {
    "name": "Require(40) node_modules/egg-security/app.js",
    "start": 1548597817565,
    "end": 1548597817569,
    "duration": 4,
    "pid": 4432,
    "index": 49
  },
  {
    "name": "Require(41) node_modules/egg-onerror/app.js",
    "start": 1548597817570,
    "end": 1548597817601,
    "duration": 31,
    "pid": 4432,
    "index": 50
  },
  {
    "name": "Require(42) node_modules/egg-i18n/app.js",
    "start": 1548597817603,
    "end": 1548597817646,
    "duration": 43,
    "pid": 4432,
    "index": 51
  },
  {
    "name": "Require(43) node_modules/egg-watcher/app.js",
    "start": 1548597817647,
    "end": 1548597817655,
    "duration": 8,
    "pid": 4432,
    "index": 52
  },
  {
    "name": "Require(44) node_modules/egg-schedule/app.js",
    "start": 1548597817656,
    "end": 1548597817659,
    "duration": 3,
    "pid": 4432,
    "index": 53
  },
  {
    "name": "Require(45) node_modules/egg-multipart/app.js",
    "start": 1548597817660,
    "end": 1548597817668,
    "duration": 8,
    "pid": 4432,
    "index": 54
  },
  {
    "name": "Require(46) node_modules/egg-development/app.js",
    "start": 1548597817670,
    "end": 1548597817671,
    "duration": 1,
    "pid": 4432,
    "index": 55
  },
  {
    "name": "Require(47) node_modules/egg-logrotator/app.js",
    "start": 1548597817672,
    "end": 1548597817673,
    "duration": 1,
    "pid": 4432,
    "index": 56
  },
  {
    "name": "Require(48) node_modules/egg-static/app.js",
    "start": 1548597817674,
    "end": 1548597817675,
    "duration": 1,
    "pid": 4432,
    "index": 57
  },
  {
    "name": "Require(49) node_modules/egg-view-ejs/app.js",
    "start": 1548597817677,
    "end": 1548597817677,
    "duration": 0,
    "pid": 4432,
    "index": 58
  },
  {
    "name": "Require(50) node_modules/egg-mongoose/app.js",
    "start": 1548597817678,
    "end": 1548597817679,
    "duration": 1,
    "pid": 4432,
    "index": 59
  },
  {
    "name": "Require(51) node_modules/egg-cors/app.js",
    "start": 1548597817680,
    "end": 1548597817681,
    "duration": 1,
    "pid": 4432,
    "index": 60
  },
  {
    "name": "Before Start in node_modules/egg-watcher/lib/init.js:15:14",
    "start": 1548597817703,
    "end": 1548597819502,
    "duration": 1799,
    "pid": 4432,
    "index": 61
  },
  {
    "name": "Before Start in node_modules/egg-mongoose/lib/mongoose.js:83:7",
    "start": 1548597818905,
    "end": 1548597819536,
    "duration": 631,
    "pid": 4432,
    "index": 62
  },
  {
    "name": "Before Start in node_modules/egg-mongoose/lib/mongoose.js:42:9",
    "start": 1548597818905,
    "end": 1548597819453,
    "duration": 548,
    "pid": 4432,
    "index": 63
  },
  {
    "name": "Load Service",
    "start": 1548597818906,
    "end": 1548597818915,
    "duration": 9,
    "pid": 4432,
    "index": 64
  },
  {
    "name": "Load \"service\" to Context",
    "start": 1548597818906,
    "end": 1548597818915,
    "duration": 9,
    "pid": 4432,
    "index": 65
  },
  {
    "name": "Load Middleware",
    "start": 1548597818915,
    "end": 1548597819222,
    "duration": 307,
    "pid": 4432,
    "index": 66
  },
  {
    "name": "Load \"middlewares\" to Application",
    "start": 1548597818915,
    "end": 1548597819189,
    "duration": 274,
    "pid": 4432,
    "index": 67
  },
  {
    "name": "Load Controller",
    "start": 1548597819222,
    "end": 1548597819230,
    "duration": 8,
    "pid": 4432,
    "index": 68
  },
  {
    "name": "Load \"controller\" to Application",
    "start": 1548597819222,
    "end": 1548597819230,
    "duration": 8,
    "pid": 4432,
    "index": 69
  },
  {
    "name": "Load Router",
    "start": 1548597819230,
    "end": 1548597819237,
    "duration": 7,
    "pid": 4432,
    "index": 70
  },
  {
    "name": "Require(52) app/router.js",
    "start": 1548597819231,
    "end": 1548597819233,
    "duration": 2,
    "pid": 4432,
    "index": 71
  },
  {
    "name": "Before Start in node_modules/egg-core/lib/egg.js:287:10",
    "start": 1548597819234,
    "end": 1548597819453,
    "duration": 219,
    "pid": 4432,
    "index": 72
  },
  {
    "name": "Load \"model\" to Application",
    "start": 1548597819272,
    "end": 1548597819452,
    "duration": 180,
    "pid": 4432,
    "index": 73
  }
]