[
  {
    "name": "Application Start",
    "start": 1553147327928,
    "end": 1553147328939,
    "duration": 1011,
    "pid": 8700,
    "index": 0
  },
  {
    "name": "Load Plugin",
    "start": 1553147327944,
    "end": 1553147327967,
    "duration": 23,
    "pid": 8700,
    "index": 1
  },
  {
    "name": "Load Config",
    "start": 1553147327967,
    "end": 1553147327998,
    "duration": 31,
    "pid": 8700,
    "index": 2
  },
  {
    "name": "Require(0) config/config.default.js",
    "start": 1553147327968,
    "end": 1553147327968,
    "duration": 0,
    "pid": 8700,
    "index": 3
  },
  {
    "name": "Require(1) node_modules/egg-session/config/config.default.js",
    "start": 1553147327970,
    "end": 1553147327971,
    "duration": 1,
    "pid": 8700,
    "index": 4
  },
  {
    "name": "Require(2) node_modules/egg-security/config/config.default.js",
    "start": 1553147327971,
    "end": 1553147327972,
    "duration": 1,
    "pid": 8700,
    "index": 5
  },
  {
    "name": "Require(3) node_modules/egg-jsonp/config/config.default.js",
    "start": 1553147327975,
    "end": 1553147327976,
    "duration": 1,
    "pid": 8700,
    "index": 6
  },
  {
    "name": "Require(4) node_modules/egg-onerror/config/config.default.js",
    "start": 1553147327977,
    "end": 1553147327977,
    "duration": 0,
    "pid": 8700,
    "index": 7
  },
  {
    "name": "Require(5) node_modules/egg-i18n/config/config.default.js",
    "start": 1553147327978,
    "end": 1553147327978,
    "duration": 0,
    "pid": 8700,
    "index": 8
  },
  {
    "name": "Require(6) node_modules/egg-watcher/config/config.default.js",
    "start": 1553147327978,
    "end": 1553147327979,
    "duration": 1,
    "pid": 8700,
    "index": 9
  },
  {
    "name": "Require(7) node_modules/egg-schedule/config/config.default.js",
    "start": 1553147327979,
    "end": 1553147327981,
    "duration": 2,
    "pid": 8700,
    "index": 10
  },
  {
    "name": "Require(8) node_modules/egg-multipart/config/config.default.js",
    "start": 1553147327981,
    "end": 1553147327982,
    "duration": 1,
    "pid": 8700,
    "index": 11
  },
  {
    "name": "Require(9) node_modules/egg-development/config/config.default.js",
    "start": 1553147327982,
    "end": 1553147327983,
    "duration": 1,
    "pid": 8700,
    "index": 12
  },
  {
    "name": "Require(10) node_modules/egg-logrotator/config/config.default.js",
    "start": 1553147327983,
    "end": 1553147327983,
    "duration": 0,
    "pid": 8700,
    "index": 13
  },
  {
    "name": "Require(11) node_modules/egg-static/config/config.default.js",
    "start": 1553147327984,
    "end": 1553147327984,
    "duration": 0,
    "pid": 8700,
    "index": 14
  },
  {
    "name": "Require(12) node_modules/egg-view/config/config.default.js",
    "start": 1553147327984,
    "end": 1553147327985,
    "duration": 1,
    "pid": 8700,
    "index": 15
  },
  {
    "name": "Require(13) node_modules/egg-view-ejs/config/config.default.js",
    "start": 1553147327985,
    "end": 1553147327987,
    "duration": 2,
    "pid": 8700,
    "index": 16
  },
  {
    "name": "Require(14) node_modules/egg-mongoose/config/config.default.js",
    "start": 1553147327988,
    "end": 1553147327988,
    "duration": 0,
    "pid": 8700,
    "index": 17
  },
  {
    "name": "Require(15) node_modules/egg-cors/config/config.default.js",
    "start": 1553147327988,
    "end": 1553147327989,
    "duration": 1,
    "pid": 8700,
    "index": 18
  },
  {
    "name": "Require(16) node_modules/egg/config/config.default.js",
    "start": 1553147327989,
    "end": 1553147327991,
    "duration": 2,
    "pid": 8700,
    "index": 19
  },
  {
    "name": "Require(17) config/config.default.js",
    "start": 1553147327992,
    "end": 1553147327992,
    "duration": 0,
    "pid": 8700,
    "index": 20
  },
  {
    "name": "Require(18) node_modules/egg-security/config/config.local.js",
    "start": 1553147327993,
    "end": 1553147327993,
    "duration": 0,
    "pid": 8700,
    "index": 21
  },
  {
    "name": "Require(19) node_modules/egg-watcher/config/config.local.js",
    "start": 1553147327994,
    "end": 1553147327994,
    "duration": 0,
    "pid": 8700,
    "index": 22
  },
  {
    "name": "Require(20) node_modules/egg-view/config/config.local.js",
    "start": 1553147327995,
    "end": 1553147327996,
    "duration": 1,
    "pid": 8700,
    "index": 23
  },
  {
    "name": "Require(21) node_modules/egg-view-ejs/config/config.local.js",
    "start": 1553147327996,
    "end": 1553147327997,
    "duration": 1,
    "pid": 8700,
    "index": 24
  },
  {
    "name": "Require(22) node_modules/egg/config/config.local.js",
    "start": 1553147327997,
    "end": 1553147327998,
    "duration": 1,
    "pid": 8700,
    "index": 25
  },
  {
    "name": "Load extend/application.js",
    "start": 1553147327999,
    "end": 1553147328012,
    "duration": 13,
    "pid": 8700,
    "index": 26
  },
  {
    "name": "Require(23) node_modules/egg-session/app/extend/application.js",
    "start": 1553147328000,
    "end": 1553147328000,
    "duration": 0,
    "pid": 8700,
    "index": 27
  },
  {
    "name": "Require(24) node_modules/egg-security/app/extend/application.js",
    "start": 1553147328001,
    "end": 1553147328002,
    "duration": 1,
    "pid": 8700,
    "index": 28
  },
  {
    "name": "Require(25) node_modules/egg-jsonp/app/extend/application.js",
    "start": 1553147328002,
    "end": 1553147328004,
    "duration": 2,
    "pid": 8700,
    "index": 29
  },
  {
    "name": "Require(26) node_modules/egg-logrotator/app/extend/application.js",
    "start": 1553147328005,
    "end": 1553147328007,
    "duration": 2,
    "pid": 8700,
    "index": 30
  },
  {
    "name": "Require(27) node_modules/egg-view/app/extend/application.js",
    "start": 1553147328007,
    "end": 1553147328009,
    "duration": 2,
    "pid": 8700,
    "index": 31
  },
  {
    "name": "Load extend/request.js",
    "start": 1553147328012,
    "end": 1553147328018,
    "duration": 6,
    "pid": 8700,
    "index": 32
  },
  {
    "name": "Require(28) node_modules/egg/app/extend/request.js",
    "start": 1553147328014,
    "end": 1553147328016,
    "duration": 2,
    "pid": 8700,
    "index": 33
  },
  {
    "name": "Load extend/response.js",
    "start": 1553147328018,
    "end": 1553147328033,
    "duration": 15,
    "pid": 8700,
    "index": 34
  },
  {
    "name": "Require(29) node_modules/egg/app/extend/response.js",
    "start": 1553147328024,
    "end": 1553147328026,
    "duration": 2,
    "pid": 8700,
    "index": 35
  },
  {
    "name": "Load extend/context.js",
    "start": 1553147328033,
    "end": 1553147328099,
    "duration": 66,
    "pid": 8700,
    "index": 36
  },
  {
    "name": "Require(30) node_modules/egg-security/app/extend/context.js",
    "start": 1553147328033,
    "end": 1553147328050,
    "duration": 17,
    "pid": 8700,
    "index": 37
  },
  {
    "name": "Require(31) node_modules/egg-jsonp/app/extend/context.js",
    "start": 1553147328050,
    "end": 1553147328052,
    "duration": 2,
    "pid": 8700,
    "index": 38
  },
  {
    "name": "Require(32) node_modules/egg-i18n/app/extend/context.js",
    "start": 1553147328052,
    "end": 1553147328053,
    "duration": 1,
    "pid": 8700,
    "index": 39
  },
  {
    "name": "Require(33) node_modules/egg-multipart/app/extend/context.js",
    "start": 1553147328053,
    "end": 1553147328092,
    "duration": 39,
    "pid": 8700,
    "index": 40
  },
  {
    "name": "Require(34) node_modules/egg-view/app/extend/context.js",
    "start": 1553147328092,
    "end": 1553147328093,
    "duration": 1,
    "pid": 8700,
    "index": 41
  },
  {
    "name": "Require(35) node_modules/egg-mongoose/app/extend/context.js",
    "start": 1553147328094,
    "end": 1553147328094,
    "duration": 0,
    "pid": 8700,
    "index": 42
  },
  {
    "name": "Require(36) node_modules/egg/app/extend/context.js",
    "start": 1553147328095,
    "end": 1553147328097,
    "duration": 2,
    "pid": 8700,
    "index": 43
  },
  {
    "name": "Load extend/helper.js",
    "start": 1553147328099,
    "end": 1553147328121,
    "duration": 22,
    "pid": 8700,
    "index": 44
  },
  {
    "name": "Require(37) node_modules/egg-security/app/extend/helper.js",
    "start": 1553147328100,
    "end": 1553147328116,
    "duration": 16,
    "pid": 8700,
    "index": 45
  },
  {
    "name": "Require(38) node_modules/egg/app/extend/helper.js",
    "start": 1553147328118,
    "end": 1553147328118,
    "duration": 0,
    "pid": 8700,
    "index": 46
  },
  {
    "name": "Load app.js",
    "start": 1553147328121,
    "end": 1553147328165,
    "duration": 44,
    "pid": 8700,
    "index": 47
  },
  {
    "name": "Require(39) node_modules/egg-session/app.js",
    "start": 1553147328122,
    "end": 1553147328122,
    "duration": 0,
    "pid": 8700,
    "index": 48
  },
  {
    "name": "Require(40) node_modules/egg-security/app.js",
    "start": 1553147328122,
    "end": 1553147328124,
    "duration": 2,
    "pid": 8700,
    "index": 49
  },
  {
    "name": "Require(41) node_modules/egg-onerror/app.js",
    "start": 1553147328124,
    "end": 1553147328135,
    "duration": 11,
    "pid": 8700,
    "index": 50
  },
  {
    "name": "Require(42) node_modules/egg-i18n/app.js",
    "start": 1553147328135,
    "end": 1553147328150,
    "duration": 15,
    "pid": 8700,
    "index": 51
  },
  {
    "name": "Require(43) node_modules/egg-watcher/app.js",
    "start": 1553147328151,
    "end": 1553147328154,
    "duration": 3,
    "pid": 8700,
    "index": 52
  },
  {
    "name": "Require(44) node_modules/egg-schedule/app.js",
    "start": 1553147328154,
    "end": 1553147328156,
    "duration": 2,
    "pid": 8700,
    "index": 53
  },
  {
    "name": "Require(45) node_modules/egg-multipart/app.js",
    "start": 1553147328157,
    "end": 1553147328160,
    "duration": 3,
    "pid": 8700,
    "index": 54
  },
  {
    "name": "Require(46) node_modules/egg-development/app.js",
    "start": 1553147328160,
    "end": 1553147328161,
    "duration": 1,
    "pid": 8700,
    "index": 55
  },
  {
    "name": "Require(47) node_modules/egg-logrotator/app.js",
    "start": 1553147328161,
    "end": 1553147328161,
    "duration": 0,
    "pid": 8700,
    "index": 56
  },
  {
    "name": "Require(48) node_modules/egg-static/app.js",
    "start": 1553147328162,
    "end": 1553147328162,
    "duration": 0,
    "pid": 8700,
    "index": 57
  },
  {
    "name": "Require(49) node_modules/egg-view-ejs/app.js",
    "start": 1553147328162,
    "end": 1553147328163,
    "duration": 1,
    "pid": 8700,
    "index": 58
  },
  {
    "name": "Require(50) node_modules/egg-mongoose/app.js",
    "start": 1553147328163,
    "end": 1553147328163,
    "duration": 0,
    "pid": 8700,
    "index": 59
  },
  {
    "name": "Require(51) node_modules/egg-cors/app.js",
    "start": 1553147328164,
    "end": 1553147328164,
    "duration": 0,
    "pid": 8700,
    "index": 60
  },
  {
    "name": "Before Start in node_modules/egg-watcher/lib/init.js:15:14",
    "start": 1553147328179,
    "end": 1553147328906,
    "duration": 727,
    "pid": 8700,
    "index": 61
  },
  {
    "name": "Before Start in node_modules/egg-mongoose/lib/mongoose.js:83:7",
    "start": 1553147328695,
    "end": 1553147328938,
    "duration": 243,
    "pid": 8700,
    "index": 62
  },
  {
    "name": "Before Start in node_modules/egg-mongoose/lib/mongoose.js:42:9",
    "start": 1553147328695,
    "end": 1553147328892,
    "duration": 197,
    "pid": 8700,
    "index": 63
  },
  {
    "name": "Load Service",
    "start": 1553147328696,
    "end": 1553147328702,
    "duration": 6,
    "pid": 8700,
    "index": 64
  },
  {
    "name": "Load \"service\" to Context",
    "start": 1553147328696,
    "end": 1553147328702,
    "duration": 6,
    "pid": 8700,
    "index": 65
  },
  {
    "name": "Load Middleware",
    "start": 1553147328703,
    "end": 1553147328824,
    "duration": 121,
    "pid": 8700,
    "index": 66
  },
  {
    "name": "Load \"middlewares\" to Application",
    "start": 1553147328703,
    "end": 1553147328813,
    "duration": 110,
    "pid": 8700,
    "index": 67
  },
  {
    "name": "Load Controller",
    "start": 1553147328825,
    "end": 1553147328827,
    "duration": 2,
    "pid": 8700,
    "index": 68
  },
  {
    "name": "Load \"controller\" to Application",
    "start": 1553147328825,
    "end": 1553147328827,
    "duration": 2,
    "pid": 8700,
    "index": 69
  },
  {
    "name": "Load Router",
    "start": 1553147328827,
    "end": 1553147328830,
    "duration": 3,
    "pid": 8700,
    "index": 70
  },
  {
    "name": "Require(52) app/router.js",
    "start": 1553147328827,
    "end": 1553147328827,
    "duration": 0,
    "pid": 8700,
    "index": 71
  },
  {
    "name": "Before Start in node_modules/egg-core/lib/egg.js:287:10",
    "start": 1553147328828,
    "end": 1553147328892,
    "duration": 64,
    "pid": 8700,
    "index": 72
  },
  {
    "name": "Load \"model\" to Application",
    "start": 1553147328853,
    "end": 1553147328892,
    "duration": 39,
    "pid": 8700,
    "index": 73
  }
]