[
  {
    "name": "Application Start",
    "start": 1553147296522,
    "end": 1553147297697,
    "duration": 1175,
    "pid": 3104,
    "index": 0
  },
  {
    "name": "Load Plugin",
    "start": 1553147296533,
    "end": 1553147296552,
    "duration": 19,
    "pid": 3104,
    "index": 1
  },
  {
    "name": "Load Config",
    "start": 1553147296552,
    "end": 1553147296592,
    "duration": 40,
    "pid": 3104,
    "index": 2
  },
  {
    "name": "Require(0) config/config.default.js",
    "start": 1553147296553,
    "end": 1553147296554,
    "duration": 1,
    "pid": 3104,
    "index": 3
  },
  {
    "name": "Require(1) node_modules/egg-session/config/config.default.js",
    "start": 1553147296557,
    "end": 1553147296557,
    "duration": 0,
    "pid": 3104,
    "index": 4
  },
  {
    "name": "Require(2) node_modules/egg-security/config/config.default.js",
    "start": 1553147296558,
    "end": 1553147296558,
    "duration": 0,
    "pid": 3104,
    "index": 5
  },
  {
    "name": "Require(3) node_modules/egg-jsonp/config/config.default.js",
    "start": 1553147296559,
    "end": 1553147296560,
    "duration": 1,
    "pid": 3104,
    "index": 6
  },
  {
    "name": "Require(4) node_modules/egg-onerror/config/config.default.js",
    "start": 1553147296560,
    "end": 1553147296561,
    "duration": 1,
    "pid": 3104,
    "index": 7
  },
  {
    "name": "Require(5) node_modules/egg-i18n/config/config.default.js",
    "start": 1553147296561,
    "end": 1553147296561,
    "duration": 0,
    "pid": 3104,
    "index": 8
  },
  {
    "name": "Require(6) node_modules/egg-watcher/config/config.default.js",
    "start": 1553147296562,
    "end": 1553147296562,
    "duration": 0,
    "pid": 3104,
    "index": 9
  },
  {
    "name": "Require(7) node_modules/egg-schedule/config/config.default.js",
    "start": 1553147296563,
    "end": 1553147296564,
    "duration": 1,
    "pid": 3104,
    "index": 10
  },
  {
    "name": "Require(8) node_modules/egg-multipart/config/config.default.js",
    "start": 1553147296565,
    "end": 1553147296565,
    "duration": 0,
    "pid": 3104,
    "index": 11
  },
  {
    "name": "Require(9) node_modules/egg-development/config/config.default.js",
    "start": 1553147296566,
    "end": 1553147296567,
    "duration": 1,
    "pid": 3104,
    "index": 12
  },
  {
    "name": "Require(10) node_modules/egg-logrotator/config/config.default.js",
    "start": 1553147296570,
    "end": 1553147296571,
    "duration": 1,
    "pid": 3104,
    "index": 13
  },
  {
    "name": "Require(11) node_modules/egg-static/config/config.default.js",
    "start": 1553147296571,
    "end": 1553147296572,
    "duration": 1,
    "pid": 3104,
    "index": 14
  },
  {
    "name": "Require(12) node_modules/egg-view/config/config.default.js",
    "start": 1553147296574,
    "end": 1553147296575,
    "duration": 1,
    "pid": 3104,
    "index": 15
  },
  {
    "name": "Require(13) node_modules/egg-view-ejs/config/config.default.js",
    "start": 1553147296575,
    "end": 1553147296576,
    "duration": 1,
    "pid": 3104,
    "index": 16
  },
  {
    "name": "Require(14) node_modules/egg-mongoose/config/config.default.js",
    "start": 1553147296576,
    "end": 1553147296577,
    "duration": 1,
    "pid": 3104,
    "index": 17
  },
  {
    "name": "Require(15) node_modules/egg-cors/config/config.default.js",
    "start": 1553147296578,
    "end": 1553147296578,
    "duration": 0,
    "pid": 3104,
    "index": 18
  },
  {
    "name": "Require(16) node_modules/egg/config/config.default.js",
    "start": 1553147296578,
    "end": 1553147296580,
    "duration": 2,
    "pid": 3104,
    "index": 19
  },
  {
    "name": "Require(17) config/config.default.js",
    "start": 1553147296581,
    "end": 1553147296581,
    "duration": 0,
    "pid": 3104,
    "index": 20
  },
  {
    "name": "Require(18) node_modules/egg-security/config/config.local.js",
    "start": 1553147296583,
    "end": 1553147296584,
    "duration": 1,
    "pid": 3104,
    "index": 21
  },
  {
    "name": "Require(19) node_modules/egg-watcher/config/config.local.js",
    "start": 1553147296587,
    "end": 1553147296587,
    "duration": 0,
    "pid": 3104,
    "index": 22
  },
  {
    "name": "Require(20) node_modules/egg-view/config/config.local.js",
    "start": 1553147296589,
    "end": 1553147296589,
    "duration": 0,
    "pid": 3104,
    "index": 23
  },
  {
    "name": "Require(21) node_modules/egg-view-ejs/config/config.local.js",
    "start": 1553147296590,
    "end": 1553147296591,
    "duration": 1,
    "pid": 3104,
    "index": 24
  },
  {
    "name": "Require(22) node_modules/egg/config/config.local.js",
    "start": 1553147296592,
    "end": 1553147296592,
    "duration": 0,
    "pid": 3104,
    "index": 25
  },
  {
    "name": "Load extend/application.js",
    "start": 1553147296594,
    "end": 1553147296607,
    "duration": 13,
    "pid": 3104,
    "index": 26
  },
  {
    "name": "Require(23) node_modules/egg-session/app/extend/application.js",
    "start": 1553147296594,
    "end": 1553147296595,
    "duration": 1,
    "pid": 3104,
    "index": 27
  },
  {
    "name": "Require(24) node_modules/egg-security/app/extend/application.js",
    "start": 1553147296595,
    "end": 1553147296596,
    "duration": 1,
    "pid": 3104,
    "index": 28
  },
  {
    "name": "Require(25) node_modules/egg-jsonp/app/extend/application.js",
    "start": 1553147296597,
    "end": 1553147296598,
    "duration": 1,
    "pid": 3104,
    "index": 29
  },
  {
    "name": "Require(26) node_modules/egg-logrotator/app/extend/application.js",
    "start": 1553147296600,
    "end": 1553147296602,
    "duration": 2,
    "pid": 3104,
    "index": 30
  },
  {
    "name": "Require(27) node_modules/egg-view/app/extend/application.js",
    "start": 1553147296602,
    "end": 1553147296604,
    "duration": 2,
    "pid": 3104,
    "index": 31
  },
  {
    "name": "Load extend/request.js",
    "start": 1553147296607,
    "end": 1553147296636,
    "duration": 29,
    "pid": 3104,
    "index": 32
  },
  {
    "name": "Require(28) node_modules/egg/app/extend/request.js",
    "start": 1553147296615,
    "end": 1553147296616,
    "duration": 1,
    "pid": 3104,
    "index": 33
  },
  {
    "name": "Load extend/response.js",
    "start": 1553147296636,
    "end": 1553147296650,
    "duration": 14,
    "pid": 3104,
    "index": 34
  },
  {
    "name": "Require(29) node_modules/egg/app/extend/response.js",
    "start": 1553147296638,
    "end": 1553147296639,
    "duration": 1,
    "pid": 3104,
    "index": 35
  },
  {
    "name": "Load extend/context.js",
    "start": 1553147296650,
    "end": 1553147296743,
    "duration": 93,
    "pid": 3104,
    "index": 36
  },
  {
    "name": "Require(30) node_modules/egg-security/app/extend/context.js",
    "start": 1553147296650,
    "end": 1553147296677,
    "duration": 27,
    "pid": 3104,
    "index": 37
  },
  {
    "name": "Require(31) node_modules/egg-jsonp/app/extend/context.js",
    "start": 1553147296678,
    "end": 1553147296679,
    "duration": 1,
    "pid": 3104,
    "index": 38
  },
  {
    "name": "Require(32) node_modules/egg-i18n/app/extend/context.js",
    "start": 1553147296680,
    "end": 1553147296680,
    "duration": 0,
    "pid": 3104,
    "index": 39
  },
  {
    "name": "Require(33) node_modules/egg-multipart/app/extend/context.js",
    "start": 1553147296681,
    "end": 1553147296734,
    "duration": 53,
    "pid": 3104,
    "index": 40
  },
  {
    "name": "Require(34) node_modules/egg-view/app/extend/context.js",
    "start": 1553147296735,
    "end": 1553147296736,
    "duration": 1,
    "pid": 3104,
    "index": 41
  },
  {
    "name": "Require(35) node_modules/egg-mongoose/app/extend/context.js",
    "start": 1553147296737,
    "end": 1553147296737,
    "duration": 0,
    "pid": 3104,
    "index": 42
  },
  {
    "name": "Require(36) node_modules/egg/app/extend/context.js",
    "start": 1553147296738,
    "end": 1553147296739,
    "duration": 1,
    "pid": 3104,
    "index": 43
  },
  {
    "name": "Load extend/helper.js",
    "start": 1553147296743,
    "end": 1553147296768,
    "duration": 25,
    "pid": 3104,
    "index": 44
  },
  {
    "name": "Require(37) node_modules/egg-security/app/extend/helper.js",
    "start": 1553147296744,
    "end": 1553147296763,
    "duration": 19,
    "pid": 3104,
    "index": 45
  },
  {
    "name": "Require(38) node_modules/egg/app/extend/helper.js",
    "start": 1553147296765,
    "end": 1553147296765,
    "duration": 0,
    "pid": 3104,
    "index": 46
  },
  {
    "name": "Load app.js",
    "start": 1553147296768,
    "end": 1553147296823,
    "duration": 55,
    "pid": 3104,
    "index": 47
  },
  {
    "name": "Require(39) node_modules/egg-session/app.js",
    "start": 1553147296770,
    "end": 1553147296771,
    "duration": 1,
    "pid": 3104,
    "index": 48
  },
  {
    "name": "Require(40) node_modules/egg-security/app.js",
    "start": 1553147296771,
    "end": 1553147296774,
    "duration": 3,
    "pid": 3104,
    "index": 49
  },
  {
    "name": "Require(41) node_modules/egg-onerror/app.js",
    "start": 1553147296775,
    "end": 1553147296784,
    "duration": 9,
    "pid": 3104,
    "index": 50
  },
  {
    "name": "Require(42) node_modules/egg-i18n/app.js",
    "start": 1553147296784,
    "end": 1553147296807,
    "duration": 23,
    "pid": 3104,
    "index": 51
  },
  {
    "name": "Require(43) node_modules/egg-watcher/app.js",
    "start": 1553147296808,
    "end": 1553147296812,
    "duration": 4,
    "pid": 3104,
    "index": 52
  },
  {
    "name": "Require(44) node_modules/egg-schedule/app.js",
    "start": 1553147296812,
    "end": 1553147296814,
    "duration": 2,
    "pid": 3104,
    "index": 53
  },
  {
    "name": "Require(45) node_modules/egg-multipart/app.js",
    "start": 1553147296814,
    "end": 1553147296816,
    "duration": 2,
    "pid": 3104,
    "index": 54
  },
  {
    "name": "Require(46) node_modules/egg-development/app.js",
    "start": 1553147296817,
    "end": 1553147296817,
    "duration": 0,
    "pid": 3104,
    "index": 55
  },
  {
    "name": "Require(47) node_modules/egg-logrotator/app.js",
    "start": 1553147296817,
    "end": 1553147296818,
    "duration": 1,
    "pid": 3104,
    "index": 56
  },
  {
    "name": "Require(48) node_modules/egg-static/app.js",
    "start": 1553147296818,
    "end": 1553147296818,
    "duration": 0,
    "pid": 3104,
    "index": 57
  },
  {
    "name": "Require(49) node_modules/egg-view-ejs/app.js",
    "start": 1553147296819,
    "end": 1553147296820,
    "duration": 1,
    "pid": 3104,
    "index": 58
  },
  {
    "name": "Require(50) node_modules/egg-mongoose/app.js",
    "start": 1553147296821,
    "end": 1553147296821,
    "duration": 0,
    "pid": 3104,
    "index": 59
  },
  {
    "name": "Require(51) node_modules/egg-cors/app.js",
    "start": 1553147296821,
    "end": 1553147296822,
    "duration": 1,
    "pid": 3104,
    "index": 60
  },
  {
    "name": "Before Start in node_modules/egg-watcher/lib/init.js:15:14",
    "start": 1553147296838,
    "end": 1553147297663,
    "duration": 825,
    "pid": 3104,
    "index": 61
  },
  {
    "name": "Before Start in node_modules/egg-mongoose/lib/mongoose.js:83:7",
    "start": 1553147297394,
    "end": 1553147297696,
    "duration": 302,
    "pid": 3104,
    "index": 62
  },
  {
    "name": "Before Start in node_modules/egg-mongoose/lib/mongoose.js:42:9",
    "start": 1553147297394,
    "end": 1553147297651,
    "duration": 257,
    "pid": 3104,
    "index": 63
  },
  {
    "name": "Load Service",
    "start": 1553147297394,
    "end": 1553147297402,
    "duration": 8,
    "pid": 3104,
    "index": 64
  },
  {
    "name": "Load \"service\" to Context",
    "start": 1553147297395,
    "end": 1553147297402,
    "duration": 7,
    "pid": 3104,
    "index": 65
  },
  {
    "name": "Load Middleware",
    "start": 1553147297402,
    "end": 1553147297560,
    "duration": 158,
    "pid": 3104,
    "index": 66
  },
  {
    "name": "Load \"middlewares\" to Application",
    "start": 1553147297402,
    "end": 1553147297550,
    "duration": 148,
    "pid": 3104,
    "index": 67
  },
  {
    "name": "Load Controller",
    "start": 1553147297560,
    "end": 1553147297562,
    "duration": 2,
    "pid": 3104,
    "index": 68
  },
  {
    "name": "Load \"controller\" to Application",
    "start": 1553147297560,
    "end": 1553147297562,
    "duration": 2,
    "pid": 3104,
    "index": 69
  },
  {
    "name": "Load Router",
    "start": 1553147297562,
    "end": 1553147297568,
    "duration": 6,
    "pid": 3104,
    "index": 70
  },
  {
    "name": "Require(52) app/router.js",
    "start": 1553147297562,
    "end": 1553147297562,
    "duration": 0,
    "pid": 3104,
    "index": 71
  },
  {
    "name": "Before Start in node_modules/egg-core/lib/egg.js:287:10",
    "start": 1553147297563,
    "end": 1553147297651,
    "duration": 88,
    "pid": 3104,
    "index": 72
  },
  {
    "name": "Load \"model\" to Application",
    "start": 1553147297600,
    "end": 1553147297650,
    "duration": 50,
    "pid": 3104,
    "index": 73
  }
]