[
  {
    "name": "Application Start",
    "start": 1553146882625,
    "end": 1553146883702,
    "duration": 1077,
    "pid": 5604,
    "index": 0
  },
  {
    "name": "Load Plugin",
    "start": 1553146882634,
    "end": 1553146882654,
    "duration": 20,
    "pid": 5604,
    "index": 1
  },
  {
    "name": "Load Config",
    "start": 1553146882654,
    "end": 1553146882684,
    "duration": 30,
    "pid": 5604,
    "index": 2
  },
  {
    "name": "Require(0) config/config.default.js",
    "start": 1553146882656,
    "end": 1553146882656,
    "duration": 0,
    "pid": 5604,
    "index": 3
  },
  {
    "name": "Require(1) node_modules/egg-session/config/config.default.js",
    "start": 1553146882658,
    "end": 1553146882658,
    "duration": 0,
    "pid": 5604,
    "index": 4
  },
  {
    "name": "Require(2) node_modules/egg-security/config/config.default.js",
    "start": 1553146882658,
    "end": 1553146882659,
    "duration": 1,
    "pid": 5604,
    "index": 5
  },
  {
    "name": "Require(3) node_modules/egg-jsonp/config/config.default.js",
    "start": 1553146882660,
    "end": 1553146882660,
    "duration": 0,
    "pid": 5604,
    "index": 6
  },
  {
    "name": "Require(4) node_modules/egg-onerror/config/config.default.js",
    "start": 1553146882661,
    "end": 1553146882661,
    "duration": 0,
    "pid": 5604,
    "index": 7
  },
  {
    "name": "Require(5) node_modules/egg-i18n/config/config.default.js",
    "start": 1553146882664,
    "end": 1553146882665,
    "duration": 1,
    "pid": 5604,
    "index": 8
  },
  {
    "name": "Require(6) node_modules/egg-watcher/config/config.default.js",
    "start": 1553146882665,
    "end": 1553146882666,
    "duration": 1,
    "pid": 5604,
    "index": 9
  },
  {
    "name": "Require(7) node_modules/egg-schedule/config/config.default.js",
    "start": 1553146882666,
    "end": 1553146882668,
    "duration": 2,
    "pid": 5604,
    "index": 10
  },
  {
    "name": "Require(8) node_modules/egg-multipart/config/config.default.js",
    "start": 1553146882669,
    "end": 1553146882669,
    "duration": 0,
    "pid": 5604,
    "index": 11
  },
  {
    "name": "Require(9) node_modules/egg-development/config/config.default.js",
    "start": 1553146882670,
    "end": 1553146882670,
    "duration": 0,
    "pid": 5604,
    "index": 12
  },
  {
    "name": "Require(10) node_modules/egg-logrotator/config/config.default.js",
    "start": 1553146882671,
    "end": 1553146882671,
    "duration": 0,
    "pid": 5604,
    "index": 13
  },
  {
    "name": "Require(11) node_modules/egg-static/config/config.default.js",
    "start": 1553146882672,
    "end": 1553146882672,
    "duration": 0,
    "pid": 5604,
    "index": 14
  },
  {
    "name": "Require(12) node_modules/egg-view/config/config.default.js",
    "start": 1553146882672,
    "end": 1553146882673,
    "duration": 1,
    "pid": 5604,
    "index": 15
  },
  {
    "name": "Require(13) node_modules/egg-view-ejs/config/config.default.js",
    "start": 1553146882673,
    "end": 1553146882674,
    "duration": 1,
    "pid": 5604,
    "index": 16
  },
  {
    "name": "Require(14) node_modules/egg-mongoose/config/config.default.js",
    "start": 1553146882674,
    "end": 1553146882674,
    "duration": 0,
    "pid": 5604,
    "index": 17
  },
  {
    "name": "Require(15) node_modules/egg-cors/config/config.default.js",
    "start": 1553146882675,
    "end": 1553146882675,
    "duration": 0,
    "pid": 5604,
    "index": 18
  },
  {
    "name": "Require(16) node_modules/egg/config/config.default.js",
    "start": 1553146882676,
    "end": 1553146882676,
    "duration": 0,
    "pid": 5604,
    "index": 19
  },
  {
    "name": "Require(17) config/config.default.js",
    "start": 1553146882677,
    "end": 1553146882677,
    "duration": 0,
    "pid": 5604,
    "index": 20
  },
  {
    "name": "Require(18) node_modules/egg-security/config/config.local.js",
    "start": 1553146882678,
    "end": 1553146882678,
    "duration": 0,
    "pid": 5604,
    "index": 21
  },
  {
    "name": "Require(19) node_modules/egg-watcher/config/config.local.js",
    "start": 1553146882680,
    "end": 1553146882680,
    "duration": 0,
    "pid": 5604,
    "index": 22
  },
  {
    "name": "Require(20) node_modules/egg-view/config/config.local.js",
    "start": 1553146882681,
    "end": 1553146882682,
    "duration": 1,
    "pid": 5604,
    "index": 23
  },
  {
    "name": "Require(21) node_modules/egg-view-ejs/config/config.local.js",
    "start": 1553146882682,
    "end": 1553146882682,
    "duration": 0,
    "pid": 5604,
    "index": 24
  },
  {
    "name": "Require(22) node_modules/egg/config/config.local.js",
    "start": 1553146882683,
    "end": 1553146882683,
    "duration": 0,
    "pid": 5604,
    "index": 25
  },
  {
    "name": "Load extend/application.js",
    "start": 1553146882685,
    "end": 1553146882700,
    "duration": 15,
    "pid": 5604,
    "index": 26
  },
  {
    "name": "Require(23) node_modules/egg-session/app/extend/application.js",
    "start": 1553146882686,
    "end": 1553146882686,
    "duration": 0,
    "pid": 5604,
    "index": 27
  },
  {
    "name": "Require(24) node_modules/egg-security/app/extend/application.js",
    "start": 1553146882687,
    "end": 1553146882688,
    "duration": 1,
    "pid": 5604,
    "index": 28
  },
  {
    "name": "Require(25) node_modules/egg-jsonp/app/extend/application.js",
    "start": 1553146882688,
    "end": 1553146882690,
    "duration": 2,
    "pid": 5604,
    "index": 29
  },
  {
    "name": "Require(26) node_modules/egg-logrotator/app/extend/application.js",
    "start": 1553146882691,
    "end": 1553146882694,
    "duration": 3,
    "pid": 5604,
    "index": 30
  },
  {
    "name": "Require(27) node_modules/egg-view/app/extend/application.js",
    "start": 1553146882695,
    "end": 1553146882697,
    "duration": 2,
    "pid": 5604,
    "index": 31
  },
  {
    "name": "Load extend/request.js",
    "start": 1553146882700,
    "end": 1553146882708,
    "duration": 8,
    "pid": 5604,
    "index": 32
  },
  {
    "name": "Require(28) node_modules/egg/app/extend/request.js",
    "start": 1553146882703,
    "end": 1553146882704,
    "duration": 1,
    "pid": 5604,
    "index": 33
  },
  {
    "name": "Load extend/response.js",
    "start": 1553146882708,
    "end": 1553146882716,
    "duration": 8,
    "pid": 5604,
    "index": 34
  },
  {
    "name": "Require(29) node_modules/egg/app/extend/response.js",
    "start": 1553146882711,
    "end": 1553146882713,
    "duration": 2,
    "pid": 5604,
    "index": 35
  },
  {
    "name": "Load extend/context.js",
    "start": 1553146882716,
    "end": 1553146882788,
    "duration": 72,
    "pid": 5604,
    "index": 36
  },
  {
    "name": "Require(30) node_modules/egg-security/app/extend/context.js",
    "start": 1553146882716,
    "end": 1553146882734,
    "duration": 18,
    "pid": 5604,
    "index": 37
  },
  {
    "name": "Require(31) node_modules/egg-jsonp/app/extend/context.js",
    "start": 1553146882735,
    "end": 1553146882736,
    "duration": 1,
    "pid": 5604,
    "index": 38
  },
  {
    "name": "Require(32) node_modules/egg-i18n/app/extend/context.js",
    "start": 1553146882737,
    "end": 1553146882737,
    "duration": 0,
    "pid": 5604,
    "index": 39
  },
  {
    "name": "Require(33) node_modules/egg-multipart/app/extend/context.js",
    "start": 1553146882738,
    "end": 1553146882781,
    "duration": 43,
    "pid": 5604,
    "index": 40
  },
  {
    "name": "Require(34) node_modules/egg-view/app/extend/context.js",
    "start": 1553146882781,
    "end": 1553146882782,
    "duration": 1,
    "pid": 5604,
    "index": 41
  },
  {
    "name": "Require(35) node_modules/egg-mongoose/app/extend/context.js",
    "start": 1553146882783,
    "end": 1553146882783,
    "duration": 0,
    "pid": 5604,
    "index": 42
  },
  {
    "name": "Require(36) node_modules/egg/app/extend/context.js",
    "start": 1553146882784,
    "end": 1553146882785,
    "duration": 1,
    "pid": 5604,
    "index": 43
  },
  {
    "name": "Load extend/helper.js",
    "start": 1553146882788,
    "end": 1553146882814,
    "duration": 26,
    "pid": 5604,
    "index": 44
  },
  {
    "name": "Require(37) node_modules/egg-security/app/extend/helper.js",
    "start": 1553146882789,
    "end": 1553146882809,
    "duration": 20,
    "pid": 5604,
    "index": 45
  },
  {
    "name": "Require(38) node_modules/egg/app/extend/helper.js",
    "start": 1553146882811,
    "end": 1553146882812,
    "duration": 1,
    "pid": 5604,
    "index": 46
  },
  {
    "name": "Load app.js",
    "start": 1553146882814,
    "end": 1553146882861,
    "duration": 47,
    "pid": 5604,
    "index": 47
  },
  {
    "name": "Require(39) node_modules/egg-session/app.js",
    "start": 1553146882815,
    "end": 1553146882815,
    "duration": 0,
    "pid": 5604,
    "index": 48
  },
  {
    "name": "Require(40) node_modules/egg-security/app.js",
    "start": 1553146882815,
    "end": 1553146882817,
    "duration": 2,
    "pid": 5604,
    "index": 49
  },
  {
    "name": "Require(41) node_modules/egg-onerror/app.js",
    "start": 1553146882817,
    "end": 1553146882829,
    "duration": 12,
    "pid": 5604,
    "index": 50
  },
  {
    "name": "Require(42) node_modules/egg-i18n/app.js",
    "start": 1553146882830,
    "end": 1553146882846,
    "duration": 16,
    "pid": 5604,
    "index": 51
  },
  {
    "name": "Require(43) node_modules/egg-watcher/app.js",
    "start": 1553146882847,
    "end": 1553146882851,
    "duration": 4,
    "pid": 5604,
    "index": 52
  },
  {
    "name": "Require(44) node_modules/egg-schedule/app.js",
    "start": 1553146882851,
    "end": 1553146882852,
    "duration": 1,
    "pid": 5604,
    "index": 53
  },
  {
    "name": "Require(45) node_modules/egg-multipart/app.js",
    "start": 1553146882853,
    "end": 1553146882855,
    "duration": 2,
    "pid": 5604,
    "index": 54
  },
  {
    "name": "Require(46) node_modules/egg-development/app.js",
    "start": 1553146882855,
    "end": 1553146882856,
    "duration": 1,
    "pid": 5604,
    "index": 55
  },
  {
    "name": "Require(47) node_modules/egg-logrotator/app.js",
    "start": 1553146882856,
    "end": 1553146882856,
    "duration": 0,
    "pid": 5604,
    "index": 56
  },
  {
    "name": "Require(48) node_modules/egg-static/app.js",
    "start": 1553146882857,
    "end": 1553146882858,
    "duration": 1,
    "pid": 5604,
    "index": 57
  },
  {
    "name": "Require(49) node_modules/egg-view-ejs/app.js",
    "start": 1553146882858,
    "end": 1553146882858,
    "duration": 0,
    "pid": 5604,
    "index": 58
  },
  {
    "name": "Require(50) node_modules/egg-mongoose/app.js",
    "start": 1553146882859,
    "end": 1553146882859,
    "duration": 0,
    "pid": 5604,
    "index": 59
  },
  {
    "name": "Require(51) node_modules/egg-cors/app.js",
    "start": 1553146882859,
    "end": 1553146882860,
    "duration": 1,
    "pid": 5604,
    "index": 60
  },
  {
    "name": "Before Start in node_modules/egg-watcher/lib/init.js:15:14",
    "start": 1553146882881,
    "end": 1553146883669,
    "duration": 788,
    "pid": 5604,
    "index": 61
  },
  {
    "name": "Before Start in node_modules/egg-mongoose/lib/mongoose.js:83:7",
    "start": 1553146883452,
    "end": 1553146883702,
    "duration": 250,
    "pid": 5604,
    "index": 62
  },
  {
    "name": "Before Start in node_modules/egg-mongoose/lib/mongoose.js:42:9",
    "start": 1553146883452,
    "end": 1553146883656,
    "duration": 204,
    "pid": 5604,
    "index": 63
  },
  {
    "name": "Load Service",
    "start": 1553146883452,
    "end": 1553146883461,
    "duration": 9,
    "pid": 5604,
    "index": 64
  },
  {
    "name": "Load \"service\" to Context",
    "start": 1553146883452,
    "end": 1553146883461,
    "duration": 9,
    "pid": 5604,
    "index": 65
  },
  {
    "name": "Load Middleware",
    "start": 1553146883461,
    "end": 1553146883587,
    "duration": 126,
    "pid": 5604,
    "index": 66
  },
  {
    "name": "Load \"middlewares\" to Application",
    "start": 1553146883461,
    "end": 1553146883577,
    "duration": 116,
    "pid": 5604,
    "index": 67
  },
  {
    "name": "Load Controller",
    "start": 1553146883587,
    "end": 1553146883589,
    "duration": 2,
    "pid": 5604,
    "index": 68
  },
  {
    "name": "Load \"controller\" to Application",
    "start": 1553146883587,
    "end": 1553146883589,
    "duration": 2,
    "pid": 5604,
    "index": 69
  },
  {
    "name": "Load Router",
    "start": 1553146883589,
    "end": 1553146883592,
    "duration": 3,
    "pid": 5604,
    "index": 70
  },
  {
    "name": "Require(52) app/router.js",
    "start": 1553146883590,
    "end": 1553146883590,
    "duration": 0,
    "pid": 5604,
    "index": 71
  },
  {
    "name": "Before Start in node_modules/egg-core/lib/egg.js:287:10",
    "start": 1553146883590,
    "end": 1553146883656,
    "duration": 66,
    "pid": 5604,
    "index": 72
  },
  {
    "name": "Load \"model\" to Application",
    "start": 1553146883614,
    "end": 1553146883655,
    "duration": 41,
    "pid": 5604,
    "index": 73
  }
]