[
  {
    "name": "Application Start",
    "start": 1553147104177,
    "end": 1553147105334,
    "duration": 1157,
    "pid": 20476,
    "index": 0
  },
  {
    "name": "Load Plugin",
    "start": 1553147104189,
    "end": 1553147104210,
    "duration": 21,
    "pid": 20476,
    "index": 1
  },
  {
    "name": "Load Config",
    "start": 1553147104210,
    "end": 1553147104250,
    "duration": 40,
    "pid": 20476,
    "index": 2
  },
  {
    "name": "Require(0) config/config.default.js",
    "start": 1553147104211,
    "end": 1553147104212,
    "duration": 1,
    "pid": 20476,
    "index": 3
  },
  {
    "name": "Require(1) node_modules/egg-session/config/config.default.js",
    "start": 1553147104214,
    "end": 1553147104214,
    "duration": 0,
    "pid": 20476,
    "index": 4
  },
  {
    "name": "Require(2) node_modules/egg-security/config/config.default.js",
    "start": 1553147104215,
    "end": 1553147104215,
    "duration": 0,
    "pid": 20476,
    "index": 5
  },
  {
    "name": "Require(3) node_modules/egg-jsonp/config/config.default.js",
    "start": 1553147104216,
    "end": 1553147104216,
    "duration": 0,
    "pid": 20476,
    "index": 6
  },
  {
    "name": "Require(4) node_modules/egg-onerror/config/config.default.js",
    "start": 1553147104217,
    "end": 1553147104218,
    "duration": 1,
    "pid": 20476,
    "index": 7
  },
  {
    "name": "Require(5) node_modules/egg-i18n/config/config.default.js",
    "start": 1553147104218,
    "end": 1553147104218,
    "duration": 0,
    "pid": 20476,
    "index": 8
  },
  {
    "name": "Require(6) node_modules/egg-watcher/config/config.default.js",
    "start": 1553147104219,
    "end": 1553147104219,
    "duration": 0,
    "pid": 20476,
    "index": 9
  },
  {
    "name": "Require(7) node_modules/egg-schedule/config/config.default.js",
    "start": 1553147104220,
    "end": 1553147104222,
    "duration": 2,
    "pid": 20476,
    "index": 10
  },
  {
    "name": "Require(8) node_modules/egg-multipart/config/config.default.js",
    "start": 1553147104224,
    "end": 1553147104225,
    "duration": 1,
    "pid": 20476,
    "index": 11
  },
  {
    "name": "Require(9) node_modules/egg-development/config/config.default.js",
    "start": 1553147104228,
    "end": 1553147104229,
    "duration": 1,
    "pid": 20476,
    "index": 12
  },
  {
    "name": "Require(10) node_modules/egg-logrotator/config/config.default.js",
    "start": 1553147104230,
    "end": 1553147104231,
    "duration": 1,
    "pid": 20476,
    "index": 13
  },
  {
    "name": "Require(11) node_modules/egg-static/config/config.default.js",
    "start": 1553147104231,
    "end": 1553147104233,
    "duration": 2,
    "pid": 20476,
    "index": 14
  },
  {
    "name": "Require(12) node_modules/egg-view/config/config.default.js",
    "start": 1553147104233,
    "end": 1553147104234,
    "duration": 1,
    "pid": 20476,
    "index": 15
  },
  {
    "name": "Require(13) node_modules/egg-view-ejs/config/config.default.js",
    "start": 1553147104235,
    "end": 1553147104235,
    "duration": 0,
    "pid": 20476,
    "index": 16
  },
  {
    "name": "Require(14) node_modules/egg-mongoose/config/config.default.js",
    "start": 1553147104236,
    "end": 1553147104237,
    "duration": 1,
    "pid": 20476,
    "index": 17
  },
  {
    "name": "Require(15) node_modules/egg-cors/config/config.default.js",
    "start": 1553147104237,
    "end": 1553147104237,
    "duration": 0,
    "pid": 20476,
    "index": 18
  },
  {
    "name": "Require(16) node_modules/egg/config/config.default.js",
    "start": 1553147104238,
    "end": 1553147104240,
    "duration": 2,
    "pid": 20476,
    "index": 19
  },
  {
    "name": "Require(17) config/config.default.js",
    "start": 1553147104242,
    "end": 1553147104242,
    "duration": 0,
    "pid": 20476,
    "index": 20
  },
  {
    "name": "Require(18) node_modules/egg-security/config/config.local.js",
    "start": 1553147104243,
    "end": 1553147104244,
    "duration": 1,
    "pid": 20476,
    "index": 21
  },
  {
    "name": "Require(19) node_modules/egg-watcher/config/config.local.js",
    "start": 1553147104245,
    "end": 1553147104245,
    "duration": 0,
    "pid": 20476,
    "index": 22
  },
  {
    "name": "Require(20) node_modules/egg-view/config/config.local.js",
    "start": 1553147104246,
    "end": 1553147104247,
    "duration": 1,
    "pid": 20476,
    "index": 23
  },
  {
    "name": "Require(21) node_modules/egg-view-ejs/config/config.local.js",
    "start": 1553147104248,
    "end": 1553147104248,
    "duration": 0,
    "pid": 20476,
    "index": 24
  },
  {
    "name": "Require(22) node_modules/egg/config/config.local.js",
    "start": 1553147104249,
    "end": 1553147104249,
    "duration": 0,
    "pid": 20476,
    "index": 25
  },
  {
    "name": "Load extend/application.js",
    "start": 1553147104251,
    "end": 1553147104273,
    "duration": 22,
    "pid": 20476,
    "index": 26
  },
  {
    "name": "Require(23) node_modules/egg-session/app/extend/application.js",
    "start": 1553147104251,
    "end": 1553147104252,
    "duration": 1,
    "pid": 20476,
    "index": 27
  },
  {
    "name": "Require(24) node_modules/egg-security/app/extend/application.js",
    "start": 1553147104252,
    "end": 1553147104253,
    "duration": 1,
    "pid": 20476,
    "index": 28
  },
  {
    "name": "Require(25) node_modules/egg-jsonp/app/extend/application.js",
    "start": 1553147104255,
    "end": 1553147104258,
    "duration": 3,
    "pid": 20476,
    "index": 29
  },
  {
    "name": "Require(26) node_modules/egg-logrotator/app/extend/application.js",
    "start": 1553147104260,
    "end": 1553147104263,
    "duration": 3,
    "pid": 20476,
    "index": 30
  },
  {
    "name": "Require(27) node_modules/egg-view/app/extend/application.js",
    "start": 1553147104264,
    "end": 1553147104265,
    "duration": 1,
    "pid": 20476,
    "index": 31
  },
  {
    "name": "Load extend/request.js",
    "start": 1553147104273,
    "end": 1553147104284,
    "duration": 11,
    "pid": 20476,
    "index": 32
  },
  {
    "name": "Require(28) node_modules/egg/app/extend/request.js",
    "start": 1553147104276,
    "end": 1553147104278,
    "duration": 2,
    "pid": 20476,
    "index": 33
  },
  {
    "name": "Load extend/response.js",
    "start": 1553147104284,
    "end": 1553147104294,
    "duration": 10,
    "pid": 20476,
    "index": 34
  },
  {
    "name": "Require(29) node_modules/egg/app/extend/response.js",
    "start": 1553147104289,
    "end": 1553147104290,
    "duration": 1,
    "pid": 20476,
    "index": 35
  },
  {
    "name": "Load extend/context.js",
    "start": 1553147104294,
    "end": 1553147104389,
    "duration": 95,
    "pid": 20476,
    "index": 36
  },
  {
    "name": "Require(30) node_modules/egg-security/app/extend/context.js",
    "start": 1553147104295,
    "end": 1553147104316,
    "duration": 21,
    "pid": 20476,
    "index": 37
  },
  {
    "name": "Require(31) node_modules/egg-jsonp/app/extend/context.js",
    "start": 1553147104316,
    "end": 1553147104318,
    "duration": 2,
    "pid": 20476,
    "index": 38
  },
  {
    "name": "Require(32) node_modules/egg-i18n/app/extend/context.js",
    "start": 1553147104319,
    "end": 1553147104319,
    "duration": 0,
    "pid": 20476,
    "index": 39
  },
  {
    "name": "Require(33) node_modules/egg-multipart/app/extend/context.js",
    "start": 1553147104320,
    "end": 1553147104380,
    "duration": 60,
    "pid": 20476,
    "index": 40
  },
  {
    "name": "Require(34) node_modules/egg-view/app/extend/context.js",
    "start": 1553147104380,
    "end": 1553147104382,
    "duration": 2,
    "pid": 20476,
    "index": 41
  },
  {
    "name": "Require(35) node_modules/egg-mongoose/app/extend/context.js",
    "start": 1553147104382,
    "end": 1553147104383,
    "duration": 1,
    "pid": 20476,
    "index": 42
  },
  {
    "name": "Require(36) node_modules/egg/app/extend/context.js",
    "start": 1553147104383,
    "end": 1553147104385,
    "duration": 2,
    "pid": 20476,
    "index": 43
  },
  {
    "name": "Load extend/helper.js",
    "start": 1553147104389,
    "end": 1553147104411,
    "duration": 22,
    "pid": 20476,
    "index": 44
  },
  {
    "name": "Require(37) node_modules/egg-security/app/extend/helper.js",
    "start": 1553147104390,
    "end": 1553147104406,
    "duration": 16,
    "pid": 20476,
    "index": 45
  },
  {
    "name": "Require(38) node_modules/egg/app/extend/helper.js",
    "start": 1553147104408,
    "end": 1553147104409,
    "duration": 1,
    "pid": 20476,
    "index": 46
  },
  {
    "name": "Load app.js",
    "start": 1553147104411,
    "end": 1553147104458,
    "duration": 47,
    "pid": 20476,
    "index": 47
  },
  {
    "name": "Require(39) node_modules/egg-session/app.js",
    "start": 1553147104412,
    "end": 1553147104412,
    "duration": 0,
    "pid": 20476,
    "index": 48
  },
  {
    "name": "Require(40) node_modules/egg-security/app.js",
    "start": 1553147104413,
    "end": 1553147104414,
    "duration": 1,
    "pid": 20476,
    "index": 49
  },
  {
    "name": "Require(41) node_modules/egg-onerror/app.js",
    "start": 1553147104415,
    "end": 1553147104425,
    "duration": 10,
    "pid": 20476,
    "index": 50
  },
  {
    "name": "Require(42) node_modules/egg-i18n/app.js",
    "start": 1553147104426,
    "end": 1553147104441,
    "duration": 15,
    "pid": 20476,
    "index": 51
  },
  {
    "name": "Require(43) node_modules/egg-watcher/app.js",
    "start": 1553147104441,
    "end": 1553147104444,
    "duration": 3,
    "pid": 20476,
    "index": 52
  },
  {
    "name": "Require(44) node_modules/egg-schedule/app.js",
    "start": 1553147104445,
    "end": 1553147104446,
    "duration": 1,
    "pid": 20476,
    "index": 53
  },
  {
    "name": "Require(45) node_modules/egg-multipart/app.js",
    "start": 1553147104446,
    "end": 1553147104449,
    "duration": 3,
    "pid": 20476,
    "index": 54
  },
  {
    "name": "Require(46) node_modules/egg-development/app.js",
    "start": 1553147104449,
    "end": 1553147104450,
    "duration": 1,
    "pid": 20476,
    "index": 55
  },
  {
    "name": "Require(47) node_modules/egg-logrotator/app.js",
    "start": 1553147104450,
    "end": 1553147104450,
    "duration": 0,
    "pid": 20476,
    "index": 56
  },
  {
    "name": "Require(48) node_modules/egg-static/app.js",
    "start": 1553147104450,
    "end": 1553147104451,
    "duration": 1,
    "pid": 20476,
    "index": 57
  },
  {
    "name": "Require(49) node_modules/egg-view-ejs/app.js",
    "start": 1553147104451,
    "end": 1553147104452,
    "duration": 1,
    "pid": 20476,
    "index": 58
  },
  {
    "name": "Require(50) node_modules/egg-mongoose/app.js",
    "start": 1553147104456,
    "end": 1553147104456,
    "duration": 0,
    "pid": 20476,
    "index": 59
  },
  {
    "name": "Require(51) node_modules/egg-cors/app.js",
    "start": 1553147104457,
    "end": 1553147104457,
    "duration": 0,
    "pid": 20476,
    "index": 60
  },
  {
    "name": "Before Start in node_modules/egg-watcher/lib/init.js:15:14",
    "start": 1553147104515,
    "end": 1553147105302,
    "duration": 787,
    "pid": 20476,
    "index": 61
  },
  {
    "name": "Before Start in node_modules/egg-mongoose/lib/mongoose.js:83:7",
    "start": 1553147105097,
    "end": 1553147105334,
    "duration": 237,
    "pid": 20476,
    "index": 62
  },
  {
    "name": "Before Start in node_modules/egg-mongoose/lib/mongoose.js:42:9",
    "start": 1553147105097,
    "end": 1553147105289,
    "duration": 192,
    "pid": 20476,
    "index": 63
  },
  {
    "name": "Load Service",
    "start": 1553147105097,
    "end": 1553147105104,
    "duration": 7,
    "pid": 20476,
    "index": 64
  },
  {
    "name": "Load \"service\" to Context",
    "start": 1553147105097,
    "end": 1553147105104,
    "duration": 7,
    "pid": 20476,
    "index": 65
  },
  {
    "name": "Load Middleware",
    "start": 1553147105104,
    "end": 1553147105222,
    "duration": 118,
    "pid": 20476,
    "index": 66
  },
  {
    "name": "Load \"middlewares\" to Application",
    "start": 1553147105104,
    "end": 1553147105213,
    "duration": 109,
    "pid": 20476,
    "index": 67
  },
  {
    "name": "Load Controller",
    "start": 1553147105222,
    "end": 1553147105225,
    "duration": 3,
    "pid": 20476,
    "index": 68
  },
  {
    "name": "Load \"controller\" to Application",
    "start": 1553147105222,
    "end": 1553147105225,
    "duration": 3,
    "pid": 20476,
    "index": 69
  },
  {
    "name": "Load Router",
    "start": 1553147105225,
    "end": 1553147105228,
    "duration": 3,
    "pid": 20476,
    "index": 70
  },
  {
    "name": "Require(52) app/router.js",
    "start": 1553147105225,
    "end": 1553147105226,
    "duration": 1,
    "pid": 20476,
    "index": 71
  },
  {
    "name": "Before Start in node_modules/egg-core/lib/egg.js:287:10",
    "start": 1553147105226,
    "end": 1553147105289,
    "duration": 63,
    "pid": 20476,
    "index": 72
  },
  {
    "name": "Load \"model\" to Application",
    "start": 1553147105248,
    "end": 1553147105288,
    "duration": 40,
    "pid": 20476,
    "index": 73
  }
]