[
  {
    "name": "Application Start",
    "start": 1553147194690,
    "end": 1553147195799,
    "duration": 1109,
    "pid": 2772,
    "index": 0
  },
  {
    "name": "Load Plugin",
    "start": 1553147194707,
    "end": 1553147194736,
    "duration": 29,
    "pid": 2772,
    "index": 1
  },
  {
    "name": "Load Config",
    "start": 1553147194736,
    "end": 1553147194776,
    "duration": 40,
    "pid": 2772,
    "index": 2
  },
  {
    "name": "Require(0) config/config.default.js",
    "start": 1553147194736,
    "end": 1553147194737,
    "duration": 1,
    "pid": 2772,
    "index": 3
  },
  {
    "name": "Require(1) node_modules/egg-session/config/config.default.js",
    "start": 1553147194738,
    "end": 1553147194739,
    "duration": 1,
    "pid": 2772,
    "index": 4
  },
  {
    "name": "Require(2) node_modules/egg-security/config/config.default.js",
    "start": 1553147194739,
    "end": 1553147194739,
    "duration": 0,
    "pid": 2772,
    "index": 5
  },
  {
    "name": "Require(3) node_modules/egg-jsonp/config/config.default.js",
    "start": 1553147194742,
    "end": 1553147194744,
    "duration": 2,
    "pid": 2772,
    "index": 6
  },
  {
    "name": "Require(4) node_modules/egg-onerror/config/config.default.js",
    "start": 1553147194745,
    "end": 1553147194746,
    "duration": 1,
    "pid": 2772,
    "index": 7
  },
  {
    "name": "Require(5) node_modules/egg-i18n/config/config.default.js",
    "start": 1553147194750,
    "end": 1553147194754,
    "duration": 4,
    "pid": 2772,
    "index": 8
  },
  {
    "name": "Require(6) node_modules/egg-watcher/config/config.default.js",
    "start": 1553147194756,
    "end": 1553147194757,
    "duration": 1,
    "pid": 2772,
    "index": 9
  },
  {
    "name": "Require(7) node_modules/egg-schedule/config/config.default.js",
    "start": 1553147194758,
    "end": 1553147194760,
    "duration": 2,
    "pid": 2772,
    "index": 10
  },
  {
    "name": "Require(8) node_modules/egg-multipart/config/config.default.js",
    "start": 1553147194760,
    "end": 1553147194761,
    "duration": 1,
    "pid": 2772,
    "index": 11
  },
  {
    "name": "Require(9) node_modules/egg-development/config/config.default.js",
    "start": 1553147194761,
    "end": 1553147194762,
    "duration": 1,
    "pid": 2772,
    "index": 12
  },
  {
    "name": "Require(10) node_modules/egg-logrotator/config/config.default.js",
    "start": 1553147194762,
    "end": 1553147194762,
    "duration": 0,
    "pid": 2772,
    "index": 13
  },
  {
    "name": "Require(11) node_modules/egg-static/config/config.default.js",
    "start": 1553147194763,
    "end": 1553147194763,
    "duration": 0,
    "pid": 2772,
    "index": 14
  },
  {
    "name": "Require(12) node_modules/egg-view/config/config.default.js",
    "start": 1553147194764,
    "end": 1553147194764,
    "duration": 0,
    "pid": 2772,
    "index": 15
  },
  {
    "name": "Require(13) node_modules/egg-view-ejs/config/config.default.js",
    "start": 1553147194765,
    "end": 1553147194765,
    "duration": 0,
    "pid": 2772,
    "index": 16
  },
  {
    "name": "Require(14) node_modules/egg-mongoose/config/config.default.js",
    "start": 1553147194765,
    "end": 1553147194766,
    "duration": 1,
    "pid": 2772,
    "index": 17
  },
  {
    "name": "Require(15) node_modules/egg-cors/config/config.default.js",
    "start": 1553147194766,
    "end": 1553147194766,
    "duration": 0,
    "pid": 2772,
    "index": 18
  },
  {
    "name": "Require(16) node_modules/egg/config/config.default.js",
    "start": 1553147194767,
    "end": 1553147194768,
    "duration": 1,
    "pid": 2772,
    "index": 19
  },
  {
    "name": "Require(17) config/config.default.js",
    "start": 1553147194770,
    "end": 1553147194770,
    "duration": 0,
    "pid": 2772,
    "index": 20
  },
  {
    "name": "Require(18) node_modules/egg-security/config/config.local.js",
    "start": 1553147194771,
    "end": 1553147194771,
    "duration": 0,
    "pid": 2772,
    "index": 21
  },
  {
    "name": "Require(19) node_modules/egg-watcher/config/config.local.js",
    "start": 1553147194772,
    "end": 1553147194772,
    "duration": 0,
    "pid": 2772,
    "index": 22
  },
  {
    "name": "Require(20) node_modules/egg-view/config/config.local.js",
    "start": 1553147194774,
    "end": 1553147194774,
    "duration": 0,
    "pid": 2772,
    "index": 23
  },
  {
    "name": "Require(21) node_modules/egg-view-ejs/config/config.local.js",
    "start": 1553147194775,
    "end": 1553147194775,
    "duration": 0,
    "pid": 2772,
    "index": 24
  },
  {
    "name": "Require(22) node_modules/egg/config/config.local.js",
    "start": 1553147194776,
    "end": 1553147194776,
    "duration": 0,
    "pid": 2772,
    "index": 25
  },
  {
    "name": "Load extend/application.js",
    "start": 1553147194777,
    "end": 1553147194793,
    "duration": 16,
    "pid": 2772,
    "index": 26
  },
  {
    "name": "Require(23) node_modules/egg-session/app/extend/application.js",
    "start": 1553147194778,
    "end": 1553147194778,
    "duration": 0,
    "pid": 2772,
    "index": 27
  },
  {
    "name": "Require(24) node_modules/egg-security/app/extend/application.js",
    "start": 1553147194779,
    "end": 1553147194780,
    "duration": 1,
    "pid": 2772,
    "index": 28
  },
  {
    "name": "Require(25) node_modules/egg-jsonp/app/extend/application.js",
    "start": 1553147194781,
    "end": 1553147194782,
    "duration": 1,
    "pid": 2772,
    "index": 29
  },
  {
    "name": "Require(26) node_modules/egg-logrotator/app/extend/application.js",
    "start": 1553147194784,
    "end": 1553147194787,
    "duration": 3,
    "pid": 2772,
    "index": 30
  },
  {
    "name": "Require(27) node_modules/egg-view/app/extend/application.js",
    "start": 1553147194788,
    "end": 1553147194790,
    "duration": 2,
    "pid": 2772,
    "index": 31
  },
  {
    "name": "Load extend/request.js",
    "start": 1553147194794,
    "end": 1553147194801,
    "duration": 7,
    "pid": 2772,
    "index": 32
  },
  {
    "name": "Require(28) node_modules/egg/app/extend/request.js",
    "start": 1553147194797,
    "end": 1553147194798,
    "duration": 1,
    "pid": 2772,
    "index": 33
  },
  {
    "name": "Load extend/response.js",
    "start": 1553147194801,
    "end": 1553147194808,
    "duration": 7,
    "pid": 2772,
    "index": 34
  },
  {
    "name": "Require(29) node_modules/egg/app/extend/response.js",
    "start": 1553147194804,
    "end": 1553147194806,
    "duration": 2,
    "pid": 2772,
    "index": 35
  },
  {
    "name": "Load extend/context.js",
    "start": 1553147194809,
    "end": 1553147194881,
    "duration": 72,
    "pid": 2772,
    "index": 36
  },
  {
    "name": "Require(30) node_modules/egg-security/app/extend/context.js",
    "start": 1553147194809,
    "end": 1553147194825,
    "duration": 16,
    "pid": 2772,
    "index": 37
  },
  {
    "name": "Require(31) node_modules/egg-jsonp/app/extend/context.js",
    "start": 1553147194826,
    "end": 1553147194827,
    "duration": 1,
    "pid": 2772,
    "index": 38
  },
  {
    "name": "Require(32) node_modules/egg-i18n/app/extend/context.js",
    "start": 1553147194828,
    "end": 1553147194828,
    "duration": 0,
    "pid": 2772,
    "index": 39
  },
  {
    "name": "Require(33) node_modules/egg-multipart/app/extend/context.js",
    "start": 1553147194829,
    "end": 1553147194871,
    "duration": 42,
    "pid": 2772,
    "index": 40
  },
  {
    "name": "Require(34) node_modules/egg-view/app/extend/context.js",
    "start": 1553147194874,
    "end": 1553147194875,
    "duration": 1,
    "pid": 2772,
    "index": 41
  },
  {
    "name": "Require(35) node_modules/egg-mongoose/app/extend/context.js",
    "start": 1553147194876,
    "end": 1553147194876,
    "duration": 0,
    "pid": 2772,
    "index": 42
  },
  {
    "name": "Require(36) node_modules/egg/app/extend/context.js",
    "start": 1553147194877,
    "end": 1553147194879,
    "duration": 2,
    "pid": 2772,
    "index": 43
  },
  {
    "name": "Load extend/helper.js",
    "start": 1553147194881,
    "end": 1553147194907,
    "duration": 26,
    "pid": 2772,
    "index": 44
  },
  {
    "name": "Require(37) node_modules/egg-security/app/extend/helper.js",
    "start": 1553147194882,
    "end": 1553147194899,
    "duration": 17,
    "pid": 2772,
    "index": 45
  },
  {
    "name": "Require(38) node_modules/egg/app/extend/helper.js",
    "start": 1553147194901,
    "end": 1553147194902,
    "duration": 1,
    "pid": 2772,
    "index": 46
  },
  {
    "name": "Load app.js",
    "start": 1553147194908,
    "end": 1553147194960,
    "duration": 52,
    "pid": 2772,
    "index": 47
  },
  {
    "name": "Require(39) node_modules/egg-session/app.js",
    "start": 1553147194908,
    "end": 1553147194909,
    "duration": 1,
    "pid": 2772,
    "index": 48
  },
  {
    "name": "Require(40) node_modules/egg-security/app.js",
    "start": 1553147194909,
    "end": 1553147194911,
    "duration": 2,
    "pid": 2772,
    "index": 49
  },
  {
    "name": "Require(41) node_modules/egg-onerror/app.js",
    "start": 1553147194911,
    "end": 1553147194925,
    "duration": 14,
    "pid": 2772,
    "index": 50
  },
  {
    "name": "Require(42) node_modules/egg-i18n/app.js",
    "start": 1553147194925,
    "end": 1553147194945,
    "duration": 20,
    "pid": 2772,
    "index": 51
  },
  {
    "name": "Require(43) node_modules/egg-watcher/app.js",
    "start": 1553147194945,
    "end": 1553147194949,
    "duration": 4,
    "pid": 2772,
    "index": 52
  },
  {
    "name": "Require(44) node_modules/egg-schedule/app.js",
    "start": 1553147194949,
    "end": 1553147194952,
    "duration": 3,
    "pid": 2772,
    "index": 53
  },
  {
    "name": "Require(45) node_modules/egg-multipart/app.js",
    "start": 1553147194952,
    "end": 1553147194956,
    "duration": 4,
    "pid": 2772,
    "index": 54
  },
  {
    "name": "Require(46) node_modules/egg-development/app.js",
    "start": 1553147194956,
    "end": 1553147194956,
    "duration": 0,
    "pid": 2772,
    "index": 55
  },
  {
    "name": "Require(47) node_modules/egg-logrotator/app.js",
    "start": 1553147194957,
    "end": 1553147194957,
    "duration": 0,
    "pid": 2772,
    "index": 56
  },
  {
    "name": "Require(48) node_modules/egg-static/app.js",
    "start": 1553147194957,
    "end": 1553147194958,
    "duration": 1,
    "pid": 2772,
    "index": 57
  },
  {
    "name": "Require(49) node_modules/egg-view-ejs/app.js",
    "start": 1553147194958,
    "end": 1553147194958,
    "duration": 0,
    "pid": 2772,
    "index": 58
  },
  {
    "name": "Require(50) node_modules/egg-mongoose/app.js",
    "start": 1553147194959,
    "end": 1553147194959,
    "duration": 0,
    "pid": 2772,
    "index": 59
  },
  {
    "name": "Require(51) node_modules/egg-cors/app.js",
    "start": 1553147194959,
    "end": 1553147194960,
    "duration": 1,
    "pid": 2772,
    "index": 60
  },
  {
    "name": "Before Start in node_modules/egg-watcher/lib/init.js:15:14",
    "start": 1553147194979,
    "end": 1553147195755,
    "duration": 776,
    "pid": 2772,
    "index": 61
  },
  {
    "name": "Before Start in node_modules/egg-mongoose/lib/mongoose.js:83:7",
    "start": 1553147195539,
    "end": 1553147195798,
    "duration": 259,
    "pid": 2772,
    "index": 62
  },
  {
    "name": "Before Start in node_modules/egg-mongoose/lib/mongoose.js:42:9",
    "start": 1553147195539,
    "end": 1553147195744,
    "duration": 205,
    "pid": 2772,
    "index": 63
  },
  {
    "name": "Load Service",
    "start": 1553147195539,
    "end": 1553147195546,
    "duration": 7,
    "pid": 2772,
    "index": 64
  },
  {
    "name": "Load \"service\" to Context",
    "start": 1553147195540,
    "end": 1553147195546,
    "duration": 6,
    "pid": 2772,
    "index": 65
  },
  {
    "name": "Load Middleware",
    "start": 1553147195547,
    "end": 1553147195668,
    "duration": 121,
    "pid": 2772,
    "index": 66
  },
  {
    "name": "Load \"middlewares\" to Application",
    "start": 1553147195547,
    "end": 1553147195659,
    "duration": 112,
    "pid": 2772,
    "index": 67
  },
  {
    "name": "Load Controller",
    "start": 1553147195668,
    "end": 1553147195675,
    "duration": 7,
    "pid": 2772,
    "index": 68
  },
  {
    "name": "Load \"controller\" to Application",
    "start": 1553147195668,
    "end": 1553147195675,
    "duration": 7,
    "pid": 2772,
    "index": 69
  },
  {
    "name": "Load Router",
    "start": 1553147195675,
    "end": 1553147195678,
    "duration": 3,
    "pid": 2772,
    "index": 70
  },
  {
    "name": "Require(52) app/router.js",
    "start": 1553147195675,
    "end": 1553147195676,
    "duration": 1,
    "pid": 2772,
    "index": 71
  },
  {
    "name": "Before Start in node_modules/egg-core/lib/egg.js:287:10",
    "start": 1553147195676,
    "end": 1553147195744,
    "duration": 68,
    "pid": 2772,
    "index": 72
  },
  {
    "name": "Load \"model\" to Application",
    "start": 1553147195700,
    "end": 1553147195743,
    "duration": 43,
    "pid": 2772,
    "index": 73
  }
]