{
  "config": {
    "session": {
      "maxAge": 86400000,
      "key": "EGG_SESS",
      "httpOnly": true,
      "encrypt": true,
      "overwrite": true,
      "signed": true,
      "autoCommit": true,
      "encode": "<Function encode>",
      "decode": "<Function decode>",
      "genid": "<Function anonymous>"
    },
    "security": {
      "domainWhiteList": [
        "http://localhost:7001"
      ],
      "protocolWhiteList": [],
      "defaultMiddleware": "csrf,hsts,methodnoallow,noopen,nosniff,csp,xssProtection,xframe,dta",
      "csrf": {
        "enable": false,
        "useSession": false,
        "ignoreJSON": true,
        "cookieName": "csrfToken",
        "sessionName": "csrfToken",
        "headerName": "x-csrf-token",
        "bodyName": "_csrf",
        "queryName": "_csrf"
      },
      "xframe": {
        "enable": true,
        "value": "SAMEORIGIN",
        "matching": "<Function anonymous>"
      },
      "hsts": {
        "enable": false,
        "maxAge": 31536000,
        "includeSubdomains": false
      },
      "dta": {
        "enable": true,
        "matching": "<Function anonymous>"
      },
      "methodnoallow": {
        "enable": true,
        "matching": "<Function anonymous>"
      },
      "noopen": {
        "enable": true,
        "matching": "<Function anonymous>"
      },
      "nosniff": {
        "enable": true,
        "matching": "<Function anonymous>"
      },
      "referrerPolicy": {
        "enable": false,
        "value": "no-referrer-when-downgrade"
      },
      "xssProtection": {
        "enable": true,
        "value": "1; mode=block",
        "matching": "<Function anonymous>"
      },
      "csp": {
        "enable": false,
        "policy": {}
      },
      "ssrf": {
        "ipBlackList": null,
        "checkAddress": null
      },
      "_protocolWhiteListSet": "<Set>"
    },
    "helper": {
      "shtml": {}
    },
    "jsonp": {
      "limit": 50,
      "callback": [
        "_callback",
        "callback"
      ],
      "csrf": false
    },
    "onerror": {
      "errorPageUrl": "",
      "appErrorFilter": null,
      "templatePath": "D:\\H5project\\2018\\katoto_eggList\\node_modules\\egg-onerror\\lib\\onerror_page.mustache"
    },
    "i18n": {
      "defaultLocale": "en_US",
      "dirs": [
        "D:\\H5project\\2018\\katoto_eggList\\node_modules\\egg-session\\config\\locales",
        "D:\\H5project\\2018\\katoto_eggList\\node_modules\\egg-security\\config\\locales",
        "D:\\H5project\\2018\\katoto_eggList\\node_modules\\egg-jsonp\\config\\locales",
        "D:\\H5project\\2018\\katoto_eggList\\node_modules\\egg-onerror\\config\\locales",
        "D:\\H5project\\2018\\katoto_eggList\\node_modules\\egg-i18n\\config\\locales",
        "D:\\H5project\\2018\\katoto_eggList\\node_modules\\egg-watcher\\config\\locales",
        "D:\\H5project\\2018\\katoto_eggList\\node_modules\\egg-schedule\\config\\locales",
        "D:\\H5project\\2018\\katoto_eggList\\node_modules\\egg-multipart\\config\\locales",
        "D:\\H5project\\2018\\katoto_eggList\\node_modules\\egg-development\\config\\locales",
        "D:\\H5project\\2018\\katoto_eggList\\node_modules\\egg-logrotator\\config\\locales",
        "D:\\H5project\\2018\\katoto_eggList\\node_modules\\egg-static\\config\\locales",
        "D:\\H5project\\2018\\katoto_eggList\\node_modules\\egg-view\\config\\locales",
        "D:\\H5project\\2018\\katoto_eggList\\node_modules\\egg-view-ejs\\config\\locales",
        "D:\\H5project\\2018\\katoto_eggList\\node_modules\\egg-mongoose\\config\\locales",
        "D:\\H5project\\2018\\katoto_eggList\\node_modules\\egg-cors\\config\\locales",
        "D:\\H5project\\2018\\katoto_eggList\\node_modules\\egg\\config\\locales",
        "D:\\H5project\\2018\\katoto_eggList\\config\\locales"
      ],
      "queryField": "locale",
      "cookieField": "locale",
      "cookieMaxAge": "1y",
      "functionName": "__"
    },
    "watcher": {
      "type": "development",
      "eventSources": {
        "default": "D:\\H5project\\2018\\katoto_eggList\\node_modules\\egg-watcher\\lib\\event-sources\\default",
        "development": "D:\\H5project\\2018\\katoto_eggList\\node_modules\\egg-watcher\\lib\\event-sources\\development"
      }
    },
    "customLogger": {
      "scheduleLogger": {
        "consoleLevel": "NONE",
        "file": "D:\\H5project\\2018\\katoto_eggList\\logs\\egg-example\\egg-schedule.log"
      }
    },
    "multipart": {
      "mode": "stream",
      "autoFields": false,
      "defaultCharset": "utf8",
      "fieldNameSize": 100,
      "fieldSize": 102400,
      "fields": 10,
      "fileSize": 10485760,
      "files": 10,
      "fileExtensions": [],
      "whitelist": null,
      "tmpdir": "C:\\Users\\turbo\\AppData\\Local\\Temp\\egg-multipart-tmp\\egg-example",
      "cleanSchedule": {
        "cron": "0 30 4 * * *"
      }
    },
    "development": {
      "watchDirs": [],
      "ignoreDirs": [],
      "fastReady": false,
      "reloadOnDebug": true,
      "overrideDefault": false
    },
    "logrotator": {
      "filesRotateByHour": null,
      "hourDelimiter": "-",
      "filesRotateBySize": null,
      "maxFileSize": 52428800,
      "maxFiles": 10,
      "rotateDuration": 60000,
      "maxDays": 31
    },
    "static": {
      "prefix": "/public/",
      "dir": "D:\\H5project\\2018\\katoto_eggList\\app\\public",
      "dynamic": true,
      "preload": false,
      "buffer": false,
      "maxFiles": 1000,
      "files": "<LRU>"
    },
    "view": {
      "root": [
        "D:\\H5project\\2018\\katoto_eggList\\app\\view"
      ],
      "cache": false,
      "defaultExtension": ".html",
      "defaultViewEngine": "",
      "mapping": {
        ".html": "ejs"
      }
    },
    "ejs": {
      "root": "D:\\H5project\\2018\\katoto_eggList\\app\\view",
      "cache": false,
      "debug": false,
      "compileDebug": true,
      "delimiter": null,
      "strict": false
    },
    "mongoose": {
      "url": "mongodb://47.96.234.59:27017/katoto",
      "options": {
        "server": {
          "poolSize": 20,
          "a": 123
        },
        "useNewUrlParser": true
      },
      "loadModel": true,
      "app": true,
      "agent": false,
      "client": {
        "url": "mongodb://47.96.234.59:27017/katoto",
        "options": {
          "server": {
            "poolSize": 20,
            "a": 123
          },
          "useNewUrlParser": true
        }
      }
    },
    "cors": {
      "origin": "*",
      "allowMethods": "GET, HEAD, PUT, POST, DELETE, PATCH, OPTIONS"
    },
    "env": "local",
    "name": "egg-example",
    "keys": "<String len: 30>",
    "proxy": false,
    "protocolHeaders": "x-forwarded-proto",
    "ipHeaders": "x-forwarded-for",
    "hostHeaders": "",
    "pkg": {
      "name": "egg-example",
      "version": "1.0.1",
      "description": "egg mongoose server",
      "main": "egg-example",
      "scripts": {
        "dev": "egg-bin dev",
        "start": "egg-scripts start --daemon",
        "stop": "egg-scripts stop"
      },
      "keywords": [],
      "author": "",
      "license": "ISC",
      "dependencies": {
        "egg": "^2.13.0",
        "egg-cors": "^2.1.1",
        "egg-mongoose": "^3.1.1",
        "egg-scripts": "^2.10.0",
        "egg-view-ejs": "^2.0.0",
        "npm-check-updates": "^2.15.0"
      },
      "devDependencies": {
        "egg-bin": "^4.9.0"
      }
    },
    "baseDir": "D:\\H5project\\2018\\katoto_eggList",
    "HOME": "C:\\Users\\turbo",
    "rundir": "D:\\H5project\\2018\\katoto_eggList\\run",
    "dump": {
      "ignore": "<Set>"
    },
    "confusedConfigurations": {
      "bodyparser": "bodyParser",
      "notFound": "notfound",
      "sitefile": "siteFile",
      "middlewares": "middleware",
      "httpClient": "httpclient"
    },
    "notfound": {
      "pageUrl": ""
    },
    "siteFile": {
      "/favicon.ico": "<Buffer len: 6463>"
    },
    "bodyParser": {
      "enable": true,
      "encoding": "utf8",
      "formLimit": "100kb",
      "jsonLimit": "100kb",
      "strict": true,
      "queryString": {
        "arrayLimit": 100,
        "depth": 5,
        "parameterLimit": 1000
      },
      "returnRawBody": true
    },
    "logger": {
      "dir": "D:\\H5project\\2018\\katoto_eggList\\logs\\egg-example",
      "encoding": "utf8",
      "env": "local",
      "level": "INFO",
      "consoleLevel": "INFO",
      "disableConsoleAfterReady": false,
      "outputJSON": false,
      "buffer": true,
      "appLogName": "egg-example-web.log",
      "coreLogName": "egg-web.log",
      "agentLogName": "egg-agent.log",
      "errorLogName": "common-error.log",
      "coreLogger": {
        "consoleLevel": "WARN"
      },
      "allowDebugAtProd": false,
      "type": "application"
    },
    "httpclient": {
      "enableDNSCache": false,
      "dnsCacheLookupInterval": 10000,
      "dnsCacheMaxLength": 1000,
      "request": {
        "timeout": 5000
      },
      "httpAgent": {
        "keepAlive": true,
        "freeSocketKeepAliveTimeout": 4000,
        "maxSockets": 9007199254740991,
        "maxFreeSockets": 256
      },
      "httpsAgent": {
        "keepAlive": true,
        "freeSocketKeepAliveTimeout": 4000,
        "maxSockets": 9007199254740991,
        "maxFreeSockets": 256
      }
    },
    "meta": {
      "enable": true,
      "logging": false
    },
    "coreMiddleware": [
      "cors",
      "meta",
      "siteFile",
      "notfound",
      "static",
      "bodyParser",
      "overrideMethod",
      "session",
      "securities",
      "i18n",
      "eggLoaderTrace"
    ],
    "workerStartTimeout": 600000,
    "cluster": {
      "listen": {
        "path": "",
        "port": 7001,
        "hostname": ""
      }
    },
    "clusterClient": {
      "maxWaitTime": 60000,
      "responseTimeout": 60000
    },
    "onClientError": null,
    "middleware": [],
    "coreMiddlewares": "~config~coreMiddleware",
    "appMiddlewares": "~config~middleware",
    "appMiddleware": "~config~middleware",
    "multipartParseOptions": {
      "autoFields": false,
      "defCharset": "utf8",
      "limits": {
        "fieldNameSize": 100,
        "fieldSize": 102400,
        "fields": 10,
        "fileSize": 10485760,
        "files": 10
      },
      "checkFile": "<Function checkFile>"
    }
  },
  "plugins": {
    "session": {
      "enable": true,
      "package": "egg-session",
      "name": "session",
      "dependencies": [],
      "optionalDependencies": [],
      "env": [],
      "from": "D:\\H5project\\2018\\katoto_eggList\\node_modules\\egg\\config\\plugin.js",
      "path": "D:\\H5project\\2018\\katoto_eggList\\node_modules\\egg-session",
      "version": "3.1.0"
    },
    "security": {
      "enable": true,
      "package": "egg-security",
      "name": "security",
      "dependencies": [],
      "optionalDependencies": [
        "session"
      ],
      "env": [],
      "from": "D:\\H5project\\2018\\katoto_eggList\\node_modules\\egg\\config\\plugin.js",
      "path": "D:\\H5project\\2018\\katoto_eggList\\node_modules\\egg-security",
      "version": "2.4.0"
    },
    "jsonp": {
      "enable": true,
      "package": "egg-jsonp",
      "name": "jsonp",
      "dependencies": [],
      "optionalDependencies": [
        "security"
      ],
      "env": [],
      "from": "D:\\H5project\\2018\\katoto_eggList\\node_modules\\egg\\config\\plugin.js",
      "path": "D:\\H5project\\2018\\katoto_eggList\\node_modules\\egg-jsonp",
      "version": "2.0.0"
    },
    "onerror": {
      "enable": true,
      "package": "egg-onerror",
      "name": "onerror",
      "dependencies": [],
      "optionalDependencies": [
        "jsonp"
      ],
      "env": [],
      "from": "D:\\H5project\\2018\\katoto_eggList\\node_modules\\egg\\config\\plugin.js",
      "path": "D:\\H5project\\2018\\katoto_eggList\\node_modules\\egg-onerror",
      "version": "2.1.0"
    },
    "i18n": {
      "enable": true,
      "package": "egg-i18n",
      "name": "i18n",
      "dependencies": [],
      "optionalDependencies": [],
      "env": [],
      "from": "D:\\H5project\\2018\\katoto_eggList\\node_modules\\egg\\config\\plugin.js",
      "path": "D:\\H5project\\2018\\katoto_eggList\\node_modules\\egg-i18n",
      "version": "2.0.0"
    },
    "watcher": {
      "enable": true,
      "package": "egg-watcher",
      "name": "watcher",
      "dependencies": [],
      "optionalDependencies": [],
      "env": [],
      "from": "D:\\H5project\\2018\\katoto_eggList\\node_modules\\egg\\config\\plugin.js",
      "path": "D:\\H5project\\2018\\katoto_eggList\\node_modules\\egg-watcher",
      "version": "3.1.0"
    },
    "schedule": {
      "enable": true,
      "package": "egg-schedule",
      "name": "schedule",
      "dependencies": [],
      "optionalDependencies": [],
      "env": [],
      "from": "D:\\H5project\\2018\\katoto_eggList\\node_modules\\egg\\config\\plugin.js",
      "path": "D:\\H5project\\2018\\katoto_eggList\\node_modules\\egg-schedule",
      "version": "3.4.0"
    },
    "multipart": {
      "enable": true,
      "package": "egg-multipart",
      "name": "multipart",
      "dependencies": [],
      "optionalDependencies": [
        "schedule"
      ],
      "env": [],
      "from": "D:\\H5project\\2018\\katoto_eggList\\node_modules\\egg\\config\\plugin.js",
      "path": "D:\\H5project\\2018\\katoto_eggList\\node_modules\\egg-multipart",
      "version": "2.3.0"
    },
    "development": {
      "enable": true,
      "package": "egg-development",
      "name": "development",
      "dependencies": [
        "watcher"
      ],
      "optionalDependencies": [],
      "env": [
        "local"
      ],
      "from": "D:\\H5project\\2018\\katoto_eggList\\node_modules\\egg\\config\\plugin.js",
      "path": "D:\\H5project\\2018\\katoto_eggList\\node_modules\\egg-development",
      "version": "2.4.1"
    },
    "logrotator": {
      "enable": true,
      "package": "egg-logrotator",
      "name": "logrotator",
      "dependencies": [
        "schedule"
      ],
      "optionalDependencies": [],
      "env": [],
      "from": "D:\\H5project\\2018\\katoto_eggList\\node_modules\\egg\\config\\plugin.js",
      "path": "D:\\H5project\\2018\\katoto_eggList\\node_modules\\egg-logrotator",
      "version": "3.0.4"
    },
    "static": {
      "enable": true,
      "package": "egg-static",
      "name": "static",
      "dependencies": [],
      "optionalDependencies": [],
      "env": [],
      "from": "D:\\H5project\\2018\\katoto_eggList\\node_modules\\egg\\config\\plugin.js",
      "path": "D:\\H5project\\2018\\katoto_eggList\\node_modules\\egg-static",
      "version": "2.1.1"
    },
    "view": {
      "enable": true,
      "package": "egg-view",
      "name": "view",
      "dependencies": [],
      "optionalDependencies": [],
      "env": [],
      "from": "D:\\H5project\\2018\\katoto_eggList\\node_modules\\egg\\config\\plugin.js",
      "path": "D:\\H5project\\2018\\katoto_eggList\\node_modules\\egg-view",
      "version": "2.1.0"
    },
    "ejs": {
      "enable": true,
      "package": "egg-view-ejs",
      "name": "ejs",
      "dependencies": [
        "view"
      ],
      "optionalDependencies": [],
      "env": [],
      "from": "D:\\H5project\\2018\\katoto_eggList\\config\\plugin.js",
      "path": "D:\\H5project\\2018\\katoto_eggList\\node_modules\\egg-view-ejs",
      "version": "2.0.0"
    },
    "mongoose": {
      "enable": true,
      "package": "egg-mongoose",
      "name": "mongoose",
      "dependencies": [],
      "optionalDependencies": [],
      "env": [],
      "from": "D:\\H5project\\2018\\katoto_eggList\\config\\plugin.js",
      "path": "D:\\H5project\\2018\\katoto_eggList\\node_modules\\egg-mongoose",
      "version": "3.1.1"
    },
    "cors": {
      "enable": true,
      "package": "egg-cors",
      "name": "cors",
      "dependencies": [],
      "optionalDependencies": [],
      "env": [],
      "from": "D:\\H5project\\2018\\katoto_eggList\\config\\plugin.js",
      "path": "D:\\H5project\\2018\\katoto_eggList\\node_modules\\egg-cors",
      "version": "2.1.1"
    }
  }
}