[
  {
    "name": "Application Start",
    "start": 1553146952941,
    "end": 1553146954026,
    "duration": 1085,
    "pid": 14908,
    "index": 0
  },
  {
    "name": "Load Plugin",
    "start": 1553146952950,
    "end": 1553146952968,
    "duration": 18,
    "pid": 14908,
    "index": 1
  },
  {
    "name": "Load Config",
    "start": 1553146952969,
    "end": 1553146952994,
    "duration": 25,
    "pid": 14908,
    "index": 2
  },
  {
    "name": "Require(0) config/config.default.js",
    "start": 1553146952969,
    "end": 1553146952970,
    "duration": 1,
    "pid": 14908,
    "index": 3
  },
  {
    "name": "Require(1) node_modules/egg-session/config/config.default.js",
    "start": 1553146952971,
    "end": 1553146952972,
    "duration": 1,
    "pid": 14908,
    "index": 4
  },
  {
    "name": "Require(2) node_modules/egg-security/config/config.default.js",
    "start": 1553146952972,
    "end": 1553146952972,
    "duration": 0,
    "pid": 14908,
    "index": 5
  },
  {
    "name": "Require(3) node_modules/egg-jsonp/config/config.default.js",
    "start": 1553146952973,
    "end": 1553146952973,
    "duration": 0,
    "pid": 14908,
    "index": 6
  },
  {
    "name": "Require(4) node_modules/egg-onerror/config/config.default.js",
    "start": 1553146952974,
    "end": 1553146952974,
    "duration": 0,
    "pid": 14908,
    "index": 7
  },
  {
    "name": "Require(5) node_modules/egg-i18n/config/config.default.js",
    "start": 1553146952975,
    "end": 1553146952975,
    "duration": 0,
    "pid": 14908,
    "index": 8
  },
  {
    "name": "Require(6) node_modules/egg-watcher/config/config.default.js",
    "start": 1553146952975,
    "end": 1553146952976,
    "duration": 1,
    "pid": 14908,
    "index": 9
  },
  {
    "name": "Require(7) node_modules/egg-schedule/config/config.default.js",
    "start": 1553146952976,
    "end": 1553146952978,
    "duration": 2,
    "pid": 14908,
    "index": 10
  },
  {
    "name": "Require(8) node_modules/egg-multipart/config/config.default.js",
    "start": 1553146952979,
    "end": 1553146952980,
    "duration": 1,
    "pid": 14908,
    "index": 11
  },
  {
    "name": "Require(9) node_modules/egg-development/config/config.default.js",
    "start": 1553146952980,
    "end": 1553146952981,
    "duration": 1,
    "pid": 14908,
    "index": 12
  },
  {
    "name": "Require(10) node_modules/egg-logrotator/config/config.default.js",
    "start": 1553146952981,
    "end": 1553146952981,
    "duration": 0,
    "pid": 14908,
    "index": 13
  },
  {
    "name": "Require(11) node_modules/egg-static/config/config.default.js",
    "start": 1553146952982,
    "end": 1553146952983,
    "duration": 1,
    "pid": 14908,
    "index": 14
  },
  {
    "name": "Require(12) node_modules/egg-view/config/config.default.js",
    "start": 1553146952984,
    "end": 1553146952984,
    "duration": 0,
    "pid": 14908,
    "index": 15
  },
  {
    "name": "Require(13) node_modules/egg-view-ejs/config/config.default.js",
    "start": 1553146952984,
    "end": 1553146952985,
    "duration": 1,
    "pid": 14908,
    "index": 16
  },
  {
    "name": "Require(14) node_modules/egg-mongoose/config/config.default.js",
    "start": 1553146952985,
    "end": 1553146952985,
    "duration": 0,
    "pid": 14908,
    "index": 17
  },
  {
    "name": "Require(15) node_modules/egg-cors/config/config.default.js",
    "start": 1553146952986,
    "end": 1553146952986,
    "duration": 0,
    "pid": 14908,
    "index": 18
  },
  {
    "name": "Require(16) node_modules/egg/config/config.default.js",
    "start": 1553146952986,
    "end": 1553146952987,
    "duration": 1,
    "pid": 14908,
    "index": 19
  },
  {
    "name": "Require(17) config/config.default.js",
    "start": 1553146952988,
    "end": 1553146952988,
    "duration": 0,
    "pid": 14908,
    "index": 20
  },
  {
    "name": "Require(18) node_modules/egg-security/config/config.local.js",
    "start": 1553146952989,
    "end": 1553146952989,
    "duration": 0,
    "pid": 14908,
    "index": 21
  },
  {
    "name": "Require(19) node_modules/egg-watcher/config/config.local.js",
    "start": 1553146952990,
    "end": 1553146952990,
    "duration": 0,
    "pid": 14908,
    "index": 22
  },
  {
    "name": "Require(20) node_modules/egg-view/config/config.local.js",
    "start": 1553146952992,
    "end": 1553146952993,
    "duration": 1,
    "pid": 14908,
    "index": 23
  },
  {
    "name": "Require(21) node_modules/egg-view-ejs/config/config.local.js",
    "start": 1553146952993,
    "end": 1553146952993,
    "duration": 0,
    "pid": 14908,
    "index": 24
  },
  {
    "name": "Require(22) node_modules/egg/config/config.local.js",
    "start": 1553146952994,
    "end": 1553146952994,
    "duration": 0,
    "pid": 14908,
    "index": 25
  },
  {
    "name": "Load extend/application.js",
    "start": 1553146952996,
    "end": 1553146953010,
    "duration": 14,
    "pid": 14908,
    "index": 26
  },
  {
    "name": "Require(23) node_modules/egg-session/app/extend/application.js",
    "start": 1553146952996,
    "end": 1553146952997,
    "duration": 1,
    "pid": 14908,
    "index": 27
  },
  {
    "name": "Require(24) node_modules/egg-security/app/extend/application.js",
    "start": 1553146952997,
    "end": 1553146952999,
    "duration": 2,
    "pid": 14908,
    "index": 28
  },
  {
    "name": "Require(25) node_modules/egg-jsonp/app/extend/application.js",
    "start": 1553146952999,
    "end": 1553146953001,
    "duration": 2,
    "pid": 14908,
    "index": 29
  },
  {
    "name": "Require(26) node_modules/egg-logrotator/app/extend/application.js",
    "start": 1553146953002,
    "end": 1553146953004,
    "duration": 2,
    "pid": 14908,
    "index": 30
  },
  {
    "name": "Require(27) node_modules/egg-view/app/extend/application.js",
    "start": 1553146953005,
    "end": 1553146953006,
    "duration": 1,
    "pid": 14908,
    "index": 31
  },
  {
    "name": "Load extend/request.js",
    "start": 1553146953010,
    "end": 1553146953019,
    "duration": 9,
    "pid": 14908,
    "index": 32
  },
  {
    "name": "Require(28) node_modules/egg/app/extend/request.js",
    "start": 1553146953013,
    "end": 1553146953014,
    "duration": 1,
    "pid": 14908,
    "index": 33
  },
  {
    "name": "Load extend/response.js",
    "start": 1553146953019,
    "end": 1553146953030,
    "duration": 11,
    "pid": 14908,
    "index": 34
  },
  {
    "name": "Require(29) node_modules/egg/app/extend/response.js",
    "start": 1553146953025,
    "end": 1553146953026,
    "duration": 1,
    "pid": 14908,
    "index": 35
  },
  {
    "name": "Load extend/context.js",
    "start": 1553146953030,
    "end": 1553146953100,
    "duration": 70,
    "pid": 14908,
    "index": 36
  },
  {
    "name": "Require(30) node_modules/egg-security/app/extend/context.js",
    "start": 1553146953031,
    "end": 1553146953048,
    "duration": 17,
    "pid": 14908,
    "index": 37
  },
  {
    "name": "Require(31) node_modules/egg-jsonp/app/extend/context.js",
    "start": 1553146953048,
    "end": 1553146953050,
    "duration": 2,
    "pid": 14908,
    "index": 38
  },
  {
    "name": "Require(32) node_modules/egg-i18n/app/extend/context.js",
    "start": 1553146953050,
    "end": 1553146953050,
    "duration": 0,
    "pid": 14908,
    "index": 39
  },
  {
    "name": "Require(33) node_modules/egg-multipart/app/extend/context.js",
    "start": 1553146953051,
    "end": 1553146953092,
    "duration": 41,
    "pid": 14908,
    "index": 40
  },
  {
    "name": "Require(34) node_modules/egg-view/app/extend/context.js",
    "start": 1553146953093,
    "end": 1553146953094,
    "duration": 1,
    "pid": 14908,
    "index": 41
  },
  {
    "name": "Require(35) node_modules/egg-mongoose/app/extend/context.js",
    "start": 1553146953095,
    "end": 1553146953095,
    "duration": 0,
    "pid": 14908,
    "index": 42
  },
  {
    "name": "Require(36) node_modules/egg/app/extend/context.js",
    "start": 1553146953096,
    "end": 1553146953097,
    "duration": 1,
    "pid": 14908,
    "index": 43
  },
  {
    "name": "Load extend/helper.js",
    "start": 1553146953100,
    "end": 1553146953121,
    "duration": 21,
    "pid": 14908,
    "index": 44
  },
  {
    "name": "Require(37) node_modules/egg-security/app/extend/helper.js",
    "start": 1553146953100,
    "end": 1553146953116,
    "duration": 16,
    "pid": 14908,
    "index": 45
  },
  {
    "name": "Require(38) node_modules/egg/app/extend/helper.js",
    "start": 1553146953118,
    "end": 1553146953119,
    "duration": 1,
    "pid": 14908,
    "index": 46
  },
  {
    "name": "Load app.js",
    "start": 1553146953121,
    "end": 1553146953172,
    "duration": 51,
    "pid": 14908,
    "index": 47
  },
  {
    "name": "Require(39) node_modules/egg-session/app.js",
    "start": 1553146953121,
    "end": 1553146953122,
    "duration": 1,
    "pid": 14908,
    "index": 48
  },
  {
    "name": "Require(40) node_modules/egg-security/app.js",
    "start": 1553146953123,
    "end": 1553146953125,
    "duration": 2,
    "pid": 14908,
    "index": 49
  },
  {
    "name": "Require(41) node_modules/egg-onerror/app.js",
    "start": 1553146953125,
    "end": 1553146953139,
    "duration": 14,
    "pid": 14908,
    "index": 50
  },
  {
    "name": "Require(42) node_modules/egg-i18n/app.js",
    "start": 1553146953139,
    "end": 1553146953157,
    "duration": 18,
    "pid": 14908,
    "index": 51
  },
  {
    "name": "Require(43) node_modules/egg-watcher/app.js",
    "start": 1553146953157,
    "end": 1553146953161,
    "duration": 4,
    "pid": 14908,
    "index": 52
  },
  {
    "name": "Require(44) node_modules/egg-schedule/app.js",
    "start": 1553146953161,
    "end": 1553146953162,
    "duration": 1,
    "pid": 14908,
    "index": 53
  },
  {
    "name": "Require(45) node_modules/egg-multipart/app.js",
    "start": 1553146953163,
    "end": 1553146953165,
    "duration": 2,
    "pid": 14908,
    "index": 54
  },
  {
    "name": "Require(46) node_modules/egg-development/app.js",
    "start": 1553146953166,
    "end": 1553146953166,
    "duration": 0,
    "pid": 14908,
    "index": 55
  },
  {
    "name": "Require(47) node_modules/egg-logrotator/app.js",
    "start": 1553146953166,
    "end": 1553146953166,
    "duration": 0,
    "pid": 14908,
    "index": 56
  },
  {
    "name": "Require(48) node_modules/egg-static/app.js",
    "start": 1553146953167,
    "end": 1553146953167,
    "duration": 0,
    "pid": 14908,
    "index": 57
  },
  {
    "name": "Require(49) node_modules/egg-view-ejs/app.js",
    "start": 1553146953170,
    "end": 1553146953170,
    "duration": 0,
    "pid": 14908,
    "index": 58
  },
  {
    "name": "Require(50) node_modules/egg-mongoose/app.js",
    "start": 1553146953170,
    "end": 1553146953171,
    "duration": 1,
    "pid": 14908,
    "index": 59
  },
  {
    "name": "Require(51) node_modules/egg-cors/app.js",
    "start": 1553146953171,
    "end": 1553146953171,
    "duration": 0,
    "pid": 14908,
    "index": 60
  },
  {
    "name": "Before Start in node_modules/egg-watcher/lib/init.js:15:14",
    "start": 1553146953212,
    "end": 1553146953991,
    "duration": 779,
    "pid": 14908,
    "index": 61
  },
  {
    "name": "Before Start in node_modules/egg-mongoose/lib/mongoose.js:83:7",
    "start": 1553146953749,
    "end": 1553146954026,
    "duration": 277,
    "pid": 14908,
    "index": 62
  },
  {
    "name": "Before Start in node_modules/egg-mongoose/lib/mongoose.js:42:9",
    "start": 1553146953749,
    "end": 1553146953978,
    "duration": 229,
    "pid": 14908,
    "index": 63
  },
  {
    "name": "Load Service",
    "start": 1553146953750,
    "end": 1553146953756,
    "duration": 6,
    "pid": 14908,
    "index": 64
  },
  {
    "name": "Load \"service\" to Context",
    "start": 1553146953750,
    "end": 1553146953756,
    "duration": 6,
    "pid": 14908,
    "index": 65
  },
  {
    "name": "Load Middleware",
    "start": 1553146953756,
    "end": 1553146953905,
    "duration": 149,
    "pid": 14908,
    "index": 66
  },
  {
    "name": "Load \"middlewares\" to Application",
    "start": 1553146953756,
    "end": 1553146953894,
    "duration": 138,
    "pid": 14908,
    "index": 67
  },
  {
    "name": "Load Controller",
    "start": 1553146953905,
    "end": 1553146953908,
    "duration": 3,
    "pid": 14908,
    "index": 68
  },
  {
    "name": "Load \"controller\" to Application",
    "start": 1553146953905,
    "end": 1553146953907,
    "duration": 2,
    "pid": 14908,
    "index": 69
  },
  {
    "name": "Load Router",
    "start": 1553146953908,
    "end": 1553146953910,
    "duration": 2,
    "pid": 14908,
    "index": 70
  },
  {
    "name": "Require(52) app/router.js",
    "start": 1553146953908,
    "end": 1553146953908,
    "duration": 0,
    "pid": 14908,
    "index": 71
  },
  {
    "name": "Before Start in node_modules/egg-core/lib/egg.js:287:10",
    "start": 1553146953909,
    "end": 1553146953978,
    "duration": 69,
    "pid": 14908,
    "index": 72
  },
  {
    "name": "Load \"model\" to Application",
    "start": 1553146953935,
    "end": 1553146953977,
    "duration": 42,
    "pid": 14908,
    "index": 73
  }
]